"","Name","Occupation","Country","URL","promotion","licence_year","year1","year2","year3","year4","year5","year6","year7","year8","Field.of.study","Degree.name","School","Level"
"1","a9240fad37c5b24f86528cb7a777af7d","Research trainee in immunology at CIML","France","e06c40c2198a7590a251ab3472f1298b","Promotion Azote 2017-2018","2020",TRUE,TRUE,FALSE,FALSE,FALSE,FALSE,FALSE,FALSE,"Biomedical Sciences & Engineering (Research)","BME Master's degree","Université de Paris","Master"
"2","a9240fad37c5b24f86528cb7a777af7d","Research trainee in immunology at CIML","France","e06c40c2198a7590a251ab3472f1298b","Promotion Azote 2017-2018","2020",TRUE,TRUE,FALSE,FALSE,FALSE,FALSE,FALSE,FALSE,"Biomedical sciences & engineering","Master's degree","Université PSL","Master"
"3","601d4f15cc5079606787744693d22bce","Business Operation Project Manager at Hublo","France","a8cff724ab7dcb81744df40b3a4565c6","Promotion Azote 2017-2018","2020",TRUE,TRUE,FALSE,FALSE,FALSE,FALSE,FALSE,FALSE,"Santé, Nouvelles technologies, Éducation","Master Management de L'innovation","Sorbonne Université","Master"
"4","a42d99b2480095a7cc4de90432dc47ed","Country Business Development at Tovaritch International Spirit S.A","Italy","5d358d1c4622627cf476b903da05204f","Promotion Azote 2017-2018","2020",TRUE,TRUE,FALSE,FALSE,FALSE,FALSE,FALSE,FALSE,"International Master in FinTech, Finance and Digital Innovation","Master's degree","MIP Politecnico di Milano","Master"
"5","fd9e1c29af79ecdaedb5432dccb96368","Stagiaire at GreenBack","France","18062626ceb4fbee26f19faeb88a8ddb","Promotion Azote 2017-2018","2020",TRUE,TRUE,FALSE,FALSE,FALSE,FALSE,FALSE,FALSE,"Sciences du sol","Master 2 (M2)","AgroParisTech - Institut des sciences et industries du vivant et de l'environnement","Master"
"6","fd9e1c29af79ecdaedb5432dccb96368","Stagiaire at GreenBack","France","18062626ceb4fbee26f19faeb88a8ddb","Promotion Azote 2017-2018","2020",TRUE,FALSE,FALSE,FALSE,FALSE,FALSE,FALSE,FALSE,"Agrosciences","Master 1 (M1)","AgroParisTech - Institut des sciences et industries du vivant et de l'environnement","Master"
"7","241e18229edf1e814d5bdb02fbace1f4","Animator & project assistant at Association Plaisir Maths","France","3d61a93fdc253f1334a0c2d32de1fc5e","Promotion Azote 2017-2018","2020",TRUE,FALSE,FALSE,FALSE,FALSE,FALSE,FALSE,FALSE,"Departments of Psychology and Mathematics","Exchange","University of Leicester","Other"
"8","241e18229edf1e814d5bdb02fbace1f4","Animator & project assistant at Association Plaisir Maths","France","3d61a93fdc253f1334a0c2d32de1fc5e","Promotion Azote 2017-2018","2020",TRUE,TRUE,FALSE,FALSE,FALSE,FALSE,FALSE,FALSE,"Biology and Urbanism","Summer School : The Biopolis","Harvard University","Other"
"9","090470d0e499a32128152271dbe4a287","PhD Student in Clinical Neurosciences at University of Cambridge","United Kingdom","be4886f164893720b1b9f836de7c669c","Promotion Béryllium 2014-2015","2017",FALSE,FALSE,TRUE,TRUE,TRUE,TRUE,FALSE,FALSE,"Clinical Neurosciences","Doctor of Philosophy - PhD","University of Cambridge","PhD"
"10","9b0d87cdbe623a60e9e37863b75b8ee7","Stagiaire ingénieur FDIR et AOCS at Thales Alenia Space","France","dd2f605c5227ae7814402b9077cb7ddc","Promotion Azote 2017-2018","2020",TRUE,TRUE,FALSE,FALSE,FALSE,FALSE,FALSE,FALSE,"Ingénierie aérospatiale, aéronautique et astronautique / de l''espace","Master 2 (M2) - OSAE","Observatoire de Paris | PSL","Master"
"11","9b0d87cdbe623a60e9e37863b75b8ee7","Stagiaire ingénieur FDIR et AOCS at Thales Alenia Space","France","dd2f605c5227ae7814402b9077cb7ddc","Promotion Azote 2017-2018","2020",TRUE,FALSE,FALSE,FALSE,FALSE,FALSE,FALSE,FALSE,"Astronomie et astrophysique","Master 1 (M1)","Observatoire de Paris | PSL","Master"
"12","19a79975b30d3f74423842d70a47c917","Étudiant stagiaire at Association Science Ouverte","France","a2c7c2109b6134ed77151f98c3d4778a","Promotion Azote 2017-2018","2020",TRUE,FALSE,FALSE,FALSE,FALSE,FALSE,FALSE,FALSE,"Études de genre, parcours philosophie","Master 1 (M1)","Université Paris 1 Panthéon-Sorbonne","Master"
"13","19a79975b30d3f74423842d70a47c917","Étudiant stagiaire at Association Science Ouverte","France","a2c7c2109b6134ed77151f98c3d4778a","Promotion Azote 2017-2018","2020",TRUE,TRUE,FALSE,FALSE,FALSE,FALSE,FALSE,FALSE,"Agrosciences, écologie, territoires, paysage, forêts","Master 1 (M1)","AgroParisTech","Master"
"14","19a79975b30d3f74423842d70a47c917","Étudiant stagiaire at Association Science Ouverte","France","a2c7c2109b6134ed77151f98c3d4778a","Promotion Azote 2017-2018","2020",TRUE,TRUE,FALSE,FALSE,FALSE,FALSE,FALSE,FALSE,"Agronomie, écologie, territoires, paysage, forêts","Master 1","AgroParisTech","Master"
"15","19a79975b30d3f74423842d70a47c917","Étudiant stagiaire at Association Science Ouverte","France","a2c7c2109b6134ed77151f98c3d4778a","Promotion Azote 2017-2018","2020",TRUE,TRUE,FALSE,FALSE,FALSE,FALSE,FALSE,FALSE,"Agrosciences, écologie, territoires, paysage, forêts","Master 1 (M1)","AgroParisTech","Master"
"16","ab612d625b14361a769bffb1520bc7b1","Research internship at CEA","France","33e4389e910df3ca2bced0309c1c0251","Promotion Azote 2017-2018","2020",TRUE,TRUE,FALSE,FALSE,FALSE,FALSE,FALSE,FALSE,"Cognitive Neuroscience","Master's degree","PSL Research University","Master"
"17","ff704be441e47280732e978b72519bc8","Museummedewerker at Van Gogh Museum","Netherlands","705e2d296daac7840082df4733098c10","Promotion Azote 2017-2018","2020",TRUE,TRUE,FALSE,FALSE,FALSE,FALSE,FALSE,FALSE,"Forensic Science","Master's degree","Universiteit van Amsterdam","Master"
"18","43b329314d809fdccc28655ac3802326","Stage étudiant at Muséum national d'Histoire naturelle","France","ef6da97c5a5577f540698b3cb0477e01","Promotion Azote 2017-2018","2020",TRUE,TRUE,TRUE,FALSE,FALSE,FALSE,FALSE,FALSE,"Ecology","Master Biodiversity, Ecology and Evolution - functional and evolutive ecology","Muséum National d'Histoire Naturelle","Master"
"19","43b329314d809fdccc28655ac3802326","Stage étudiant at Muséum national d'Histoire naturelle","France","ef6da97c5a5577f540698b3cb0477e01","Promotion Azote 2017-2018","2020",TRUE,FALSE,FALSE,FALSE,FALSE,FALSE,FALSE,FALSE,"Biology","Master Biology and health","Institut Polytechnique de Paris","Master"
"20","51f81c54f54a01f45131561b3c30047d","Associate Consultant Intern at EY-Parthenon","France","4921961f8065056daaa7e7df5b15104e","Promotion Azote 2017-2018","2020",TRUE,TRUE,FALSE,FALSE,FALSE,FALSE,FALSE,FALSE,"Finance, General","Master's degree","Sciences Po","Master"
"21","fb604f36365d7fe11dddf529cadb7025","Stagiaire en recherche at Infections virales et pathologie comparées","France","23ec509154e88997cb32043a356ca32f","Promotion Azote 2017-2018","2020",TRUE,TRUE,FALSE,FALSE,FALSE,FALSE,FALSE,FALSE,"Biologie, microbiologie","Magistère","Université Paris-Saclay","Master"
"22","fb604f36365d7fe11dddf529cadb7025","Stagiaire en recherche at Infections virales et pathologie comparées","France","23ec509154e88997cb32043a356ca32f","Promotion Azote 2017-2018","2020",TRUE,FALSE,FALSE,FALSE,FALSE,FALSE,FALSE,FALSE,"Biologie Santé","Master 1 (M1)","Université Paris-Saclay","Master"
"23","fb604f36365d7fe11dddf529cadb7025","Stagiaire en recherche at Infections virales et pathologie comparées","France","23ec509154e88997cb32043a356ca32f","Promotion Azote 2017-2018","2020",TRUE,TRUE,FALSE,FALSE,FALSE,FALSE,FALSE,FALSE,"Microbiologie et virologie","Master 2 Agents infectieux et interaction hôte-environnement","Université Paris-Saclay","Master"
"24","e502098c417584d8e4e56f7b7322c8bc","Chargée de mission at Cercle FSER","France","e05d885cb159a8aa97b618ee81a142c5","Promotion Azote 2017-2018","2020",TRUE,TRUE,FALSE,FALSE,FALSE,FALSE,FALSE,FALSE,"Cultural studies","Master","Paris-Saclay","Master"
"25","3b8563032991689fa1b83141537d7160","Consultant at Center for Public Research and Leadership","United States of America","aa3a63f00a8a85233df9beb7baf6d9c9","Promotion Azote 2017-2018","2020",TRUE,TRUE,FALSE,FALSE,FALSE,FALSE,FALSE,FALSE,"Neuroscience and Education","Master of Science - MS","Columbia University in the City of New York","Master"
"26","7f87716741aeae4d227491b5a7d87d4e","Stagiaire at INSTITUT GUSTAVE ROUSSY","France","cd54b056fb9f637419ef57ddbd16b533","Promotion Azote 2017-2018","2020",TRUE,TRUE,FALSE,FALSE,FALSE,FALSE,FALSE,FALSE,"Biologie-Santé","Master","Université Paris-Saclay","Master"
"27","c5db7c6be287ff6314e655fba50f809e","Apprentie at Outsight","France","fdf070e2239fe2982c25390113dc69b1","Promotion Azote 2017-2018","2020",TRUE,TRUE,TRUE,FALSE,FALSE,FALSE,FALSE,FALSE,"Programmation / développeur informatique, général","Expert en Informatique et Système d’Information","EPSI - L'école d'ingénierie informatique","Master"
"28","7295c9cb99721a4b93e053db8a6d562c","Alternant communication audiovisuelle at CNES","France","ace85c0416af279583a749cfc1c3fb6e","Promotion Azote 2017-2018","2020",TRUE,TRUE,FALSE,FALSE,FALSE,FALSE,FALSE,FALSE,"Journalisme scientifique","Master","Université de Paris","Master"
"29","7271b4a45139e38b79d26b2b039b1619","Internship at CEA","France","1042bb1ebc0906525329e3c0b51513e5","Promotion Azote 2017-2018","2020",TRUE,FALSE,FALSE,FALSE,FALSE,FALSE,FALSE,FALSE,"Environmental Science (EnvEuro)","Master's degree","Københavns Universitet - University of Copenhagen","Master"
"30","7271b4a45139e38b79d26b2b039b1619","Internship at CEA","France","1042bb1ebc0906525329e3c0b51513e5","Promotion Azote 2017-2018","2020",TRUE,TRUE,FALSE,FALSE,FALSE,FALSE,FALSE,FALSE,"Environmental Science (EnvEuro)","Master's degree","Universität für Bodenkultur Wien","Master"
"31","5eaac0170eb5eabe5a080a50d8d4651a","Junior consultant at ConsultantSeas","France","4310e93f06324441dfd0b2321a123d37","Promotion Azote 2017-2018","2020",TRUE,TRUE,FALSE,FALSE,FALSE,FALSE,FALSE,FALSE,"Science et politique de l'environnement","Master","Sciences Po","Master"
"32","d1ec2186dd9c5d3466b5b5847ca7a69b","Stage L3 sur les cervicales chez les oiseaux en lien avec la phylogénie et l'environnement at Muséum national d'Histoire naturelle","France","a04124205983f152315883478826375a","Promotion Azote 2017-2018","2020",TRUE,TRUE,TRUE,FALSE,FALSE,FALSE,FALSE,FALSE,"Ethologie, Ecophysiologie et Ecologie","Master 1 (M1)","Université de Strasbourg","Master"
"33","8a0d8dcf3fcd31d05987a177b2be25f8","Stage de recherche en écologie et génétique des populations at IEES Paris, Université Paris-Est Créteil","France","7eb10962baf91e299626c1917064bca3","Promotion Béryllium 2014-2015","2017",FALSE,TRUE,TRUE,FALSE,FALSE,FALSE,FALSE,FALSE,"Bioinformatique et Modélisation","Master 2 (M2)","Sorbonne Université","Master"
"34","8a0d8dcf3fcd31d05987a177b2be25f8","Stage de recherche en écologie et génétique des populations at IEES Paris, Université Paris-Est Créteil","France","7eb10962baf91e299626c1917064bca3","Promotion Béryllium 2014-2015","2017",TRUE,TRUE,FALSE,FALSE,FALSE,FALSE,FALSE,FALSE,"Écologie et biologie évolutive","Master EBE (Ecologie, Biodiversité, Evolution)","Université Pierre et Marie Curie","Master"
"35","6b4b99d8b654b4ed76ea28c5c4053a35","Doctorante at Université Paris Descartes","France","abdf7dd18d42618876e8111a54623ec0","Promotion Béryllium 2014-2015","2017",TRUE,FALSE,FALSE,FALSE,FALSE,FALSE,FALSE,FALSE,"Biologie évolutive","M1 - 2nd semester","Ludwig-Maximilians Universität München","Master"
"36","6b4b99d8b654b4ed76ea28c5c4053a35","Doctorante at Université Paris Descartes","France","abdf7dd18d42618876e8111a54623ec0","Promotion Béryllium 2014-2015","2017",TRUE,FALSE,FALSE,FALSE,FALSE,FALSE,FALSE,FALSE,"Biologie évolutive","Master 1 - 1st semester","Uppsala University","Master"
"37","71f0f4f05b3c279294f4221db9aa6ca6","Assistante chargée de projet at Muséum national d'Histoire naturelle","France","cb46b824b9f0de3935feb6bb4b7f499f","Promotion Béryllium 2014-2015","2017",FALSE,TRUE,TRUE,FALSE,FALSE,FALSE,FALSE,FALSE,"Management général","Master 2 (M2)","IAE Paris - Sorbonne Business School","Master"
"38","71f0f4f05b3c279294f4221db9aa6ca6","Assistante chargée de projet at Muséum national d'Histoire naturelle","France","cb46b824b9f0de3935feb6bb4b7f499f","Promotion Béryllium 2014-2015","2017",TRUE,TRUE,FALSE,FALSE,FALSE,FALSE,FALSE,FALSE,"Molécules et Cibles Thérapeutiques","Master 2 (M2)","Muséum National d'Histoire Naturelle de Paris - UMPC Sorbonne Université","Master"
"39","71f0f4f05b3c279294f4221db9aa6ca6","Assistante chargée de projet at Muséum national d'Histoire naturelle","France","cb46b824b9f0de3935feb6bb4b7f499f","Promotion Béryllium 2014-2015","2017",TRUE,TRUE,FALSE,FALSE,FALSE,FALSE,FALSE,FALSE,NA,"Master Mécanismes du Vivant et Environnement","Muséum National d'Histoire Naturelle","Master"
"40","679e3c008ec19f2b9a0fa2d28bd57a9c","Master Intern at Leibniz Centre for Tropical Marine Research (ZMT) GmbH","France","0df2eea14658ad81807a1c860ab4b309","Promotion Béryllium 2014-2015","2017",FALSE,TRUE,TRUE,FALSE,FALSE,FALSE,FALSE,FALSE,"Bioinformatics","Master's degree","Sorbonne Université","Master"
"41","679e3c008ec19f2b9a0fa2d28bd57a9c","Master Intern at Leibniz Centre for Tropical Marine Research (ZMT) GmbH","France","0df2eea14658ad81807a1c860ab4b309","Promotion Béryllium 2014-2015","2017",TRUE,FALSE,FALSE,FALSE,FALSE,FALSE,FALSE,FALSE,"Ecology, Evolution and Conservation","Master of Science - MS","Imperial College London","Master"
"42","de42531e222edbb90d718ab3aeb6a243","PHD Student at Institut Imagine","France","9fb43a22497df1add71e50632103a398","Promotion Bore 2015-2016","2018",FALSE,FALSE,TRUE,TRUE,TRUE,TRUE,FALSE,FALSE,"Epidemiology","PhD","Université de Paris","PhD"
"43","090470d0e499a32128152271dbe4a287","PhD Student in Clinical Neurosciences at University of Cambridge","United Kingdom","be4886f164893720b1b9f836de7c669c","Promotion Béryllium 2014-2015","2017",TRUE,TRUE,FALSE,FALSE,FALSE,FALSE,FALSE,FALSE,"Neurosciences and Neuroengineering","Master's degree","Ecole polytechnique fédérale de Lausanne","Master"
"44","0e2525647a9683a863c84e6d95c65a27","Étudiante doctorante at Institut Pasteur","France","f2ff30953dca87eb41cd34202a8bd17d","Promotion Béryllium 2014-2015","2017",FALSE,TRUE,TRUE,FALSE,FALSE,FALSE,FALSE,FALSE,"Bioinformatique","Master Bioinformatique","Université de Paris","Master"
"45","0e2525647a9683a863c84e6d95c65a27","Étudiante doctorante at Institut Pasteur","France","f2ff30953dca87eb41cd34202a8bd17d","Promotion Béryllium 2014-2015","2017",TRUE,TRUE,FALSE,FALSE,FALSE,FALSE,FALSE,FALSE,"Systématique","Master Systématique Évolution Paléontologie","Muséum National d'Histoire Naturelle","Master"
"46","74f41f57c2c0d7d474b9d452d2d4ee4b","Master thesis on the impact of the orexin-A on intestinal inflammatory disease at Inserm - U1149 - Centre de Recheche sur l'Inflammation","France","ed8ca1b36a78ec7371718987eaa7ec24","Promotion Béryllium 2014-2015","2017",TRUE,TRUE,FALSE,FALSE,FALSE,FALSE,FALSE,FALSE,"Cell Biology specialisation","Molecular and Cellular Biology Master Degrees","Sorbonne University","Master"
"47","a3f7e23ed17b2dff3fded8a593c667c9","Ingénieur d’études en Bio-informatique at CRSA PARIS","France","74f083d269d91bc7f5b2579c398e503c","Promotion Béryllium 2014-2015","2017",TRUE,TRUE,FALSE,FALSE,FALSE,FALSE,FALSE,FALSE,"Bioinforma et Modélisation","Master","Université Pierre et Marie Curie","Master"
"48","33f2d0e3420c5a77c6599080d781bbcb","Sustainability Senior Consultant at Ansa Services","France","eec0af5251e32cf199faf942fe96d65a","Promotion Béryllium 2014-2015","2017",TRUE,TRUE,FALSE,FALSE,FALSE,FALSE,FALSE,FALSE,"Water Technology","Master of Science - MS","Wageningen University & Research","Master"
"49","31ed6b31e1c4f52c50fb90786771c109","Co-Founder part of the IMB start-up program at IBM","France","9c6d5e6b51f84261af6151cf7a1822ec","Promotion Béryllium 2014-2015","2017",FALSE,TRUE,TRUE,TRUE,FALSE,FALSE,FALSE,FALSE,"Engineering Design","Master of Science - MS","Imperial College London","Master"
"50","31ed6b31e1c4f52c50fb90786771c109","Co-Founder part of the IMB start-up program at IBM","France","9c6d5e6b51f84261af6151cf7a1822ec","Promotion Béryllium 2014-2015","2017",FALSE,TRUE,TRUE,TRUE,FALSE,FALSE,FALSE,FALSE,"Engineering Design","Master of Arts - MA","Royal College of Art","Master"
"51","31ed6b31e1c4f52c50fb90786771c109","Co-Founder part of the IMB start-up program at IBM","France","9c6d5e6b51f84261af6151cf7a1822ec","Promotion Béryllium 2014-2015","2017",TRUE,TRUE,FALSE,FALSE,FALSE,FALSE,FALSE,FALSE,"Energy","Master's degree","MINES ParisTech","Master"
"52","68b554f4dcc9c8c4ecb8ea42d2bf4d06",NA,"France","091019e9a2c699d805f0fd6afacc77c0","Promotion Béryllium 2014-2015","2017",FALSE,TRUE,TRUE,FALSE,FALSE,FALSE,FALSE,FALSE,"Master Integrative Biology and Physiology (BIP) - Specialization Systems Biology (BS)","Master 2 (M2)","Sorbonne Universités","Master"
"53","68b554f4dcc9c8c4ecb8ea42d2bf4d06",NA,"France","091019e9a2c699d805f0fd6afacc77c0","Promotion Béryllium 2014-2015","2017",TRUE,TRUE,FALSE,FALSE,FALSE,FALSE,FALSE,FALSE,"Evolution, Natural Heritage, Societies - Microbiology, Environment, Health (MES) specialization","Master 2 (M2)","National Museum of Natural History","Master"
"54","68b554f4dcc9c8c4ecb8ea42d2bf4d06",NA,"France","091019e9a2c699d805f0fd6afacc77c0","Promotion Béryllium 2014-2015","2017",TRUE,FALSE,FALSE,FALSE,FALSE,FALSE,FALSE,FALSE,"Evolution, Natural Heritage, Societies - Specialization Living Mechanisms and Environment","Master 1 (M1)","National Museum of Natural History","Master"
"55","f8014d110dbc710d2fe411decbd57642","Conseiller agroéquipement et agroécologie at Fédération départementale des Cuma Landes Béarn Pays Basque","France","0ba2139dea36d08dca34d4aa6cd707c4","Promotion Béryllium 2014-2015","2017",FALSE,FALSE,TRUE,TRUE,TRUE,FALSE,FALSE,FALSE,NA,"Diplôme d'ingénieur","AGRO Toulouse-Ecole Nationale Supérieure Agronomique de Toulouse-ENSAT","Master"
"56","f8014d110dbc710d2fe411decbd57642","Conseiller agroéquipement et agroécologie at Fédération départementale des Cuma Landes Béarn Pays Basque","France","0ba2139dea36d08dca34d4aa6cd707c4","Promotion Béryllium 2014-2015","2017",TRUE,TRUE,FALSE,FALSE,FALSE,FALSE,FALSE,FALSE,NA,"BTSA","Groupe Ecole supérieure d'Agriculture d'Angers","Other"
"57","04ef2f848e9374f33d0960bf3df7717e","Ingénieur R&D : ingénierie tissulaire et biomatériaux at Poietis","France","fecacd6562e5a5db1f7c51ab89dc8c1b","Promotion Béryllium 2014-2015","2017",TRUE,TRUE,FALSE,FALSE,FALSE,FALSE,FALSE,FALSE,"Ingénierie biomédicale / médicale","Diplôme d'ingénieur","Grenoble INP - Phelma","Master"
"58","c10674167315089247ea5fa8c98256f6","Initiatrice de projet at Tous Tes Possibles","France","0faeba16527ef54dfa54c18015997e30","Promotion Béryllium 2014-2015","2017",FALSE,TRUE,TRUE,FALSE,FALSE,FALSE,FALSE,FALSE,"Management de projets et Entrepreneuriat","Master","IAE Bordeaux","Master"
"59","9078a2b2b2a2a3f82c553b3ea397be6d","Ingénieure d'étude en biologie cellulaire/immunologie at Inserm","France","dc730c759c7132852d33480f4b0c52bd","Promotion Béryllium 2014-2015","2017",TRUE,TRUE,TRUE,FALSE,FALSE,FALSE,FALSE,FALSE,"Biologie santé","Master Cancérologie","Université Paul Sabatier Toulouse III","Master"
"60","43d032676319aa50986ecbeff4d9b4ba","PhD Student at Institut Curie","France","354b7a7a174b687ec87f6ee1b49eca34","Promotion Béryllium 2014-2015","2017",TRUE,TRUE,FALSE,FALSE,FALSE,FALSE,FALSE,FALSE,"Advanced Immunology","Master 2","Institut Pasteur","Master"
"61","43d032676319aa50986ecbeff4d9b4ba","PhD Student at Institut Curie","France","354b7a7a174b687ec87f6ee1b49eca34","Promotion Béryllium 2014-2015","2017",TRUE,TRUE,FALSE,FALSE,FALSE,FALSE,FALSE,FALSE,"Cellular and Molecular Biology","Master's degree","Sorbonne Universités","Master"
"62","4357bf9a059d3147cdf8dbf592391aef","PHD Graduate Student at Institut de physique du globe de Paris","France","239841ed832084878b4ccac1b80a04a8","Promotion Béryllium 2014-2015","2017",FALSE,FALSE,FALSE,FALSE,TRUE,FALSE,FALSE,FALSE,NA,"Astrobiology","Rencontres Exobiologiques pour Doctorants (RED) Astrobiology Introductory Course","Other"
"63","4357bf9a059d3147cdf8dbf592391aef","PHD Graduate Student at Institut de physique du globe de Paris","France","239841ed832084878b4ccac1b80a04a8","Promotion Béryllium 2014-2015","2017",TRUE,TRUE,FALSE,FALSE,FALSE,FALSE,FALSE,FALSE,"Géochimie, Géobiologie, Géomatériaux et Environnement","Master Sciences de la Terre, des Planètes et environnement (3GE)","Université de Paris","Master"
"64","c55574484f6f74a39f634c3a6f294a77","EU Affairs Officer at European Bureau for Conservation and Development","Belgium","87bbc6a2154adfd3b54edcbff59a882c","Promotion Béryllium 2014-2015","2017",TRUE,TRUE,FALSE,FALSE,FALSE,FALSE,FALSE,FALSE,NA,"Environmental policy","Wageningen University & Research","Other"
"65","475d75132f2010c708185db8937fa4fb","PhD student at The Francis Crick Institute","United Kingdom","a2252becdf74dc987de2ff5aae5202b5","Promotion Hélium 2012-2013","2015",FALSE,TRUE,TRUE,TRUE,TRUE,TRUE,FALSE,FALSE,NA,"PhD in Systems Biology","Imperial College London","PhD"
"66","feb5c4ba7bdc0267244f037909e49d05","Étudiant doctorant at CNRS - Centre national de la recherche scientifique","France","b3a93d670d431960438574ba61a176f5","Promotion Béryllium 2014-2015","2017",FALSE,TRUE,TRUE,FALSE,FALSE,FALSE,FALSE,FALSE,"Bioinformatics","Marter 2","Université Paris Diderot","Master"
"67","feb5c4ba7bdc0267244f037909e49d05","Étudiant doctorant at CNRS - Centre national de la recherche scientifique","France","b3a93d670d431960438574ba61a176f5","Promotion Béryllium 2014-2015","2017",TRUE,TRUE,FALSE,FALSE,FALSE,FALSE,FALSE,FALSE,"Biodiversité Ecologie Evolution","Master of Science - MS","Université Paris-Saclay","Master"
"68","a75b25e20737a63d39f5e347220d7829",NA,"France","289605514865baa085ef4b5fc119b8b9","Promotion Béryllium 2014-2015","2017",TRUE,FALSE,FALSE,FALSE,FALSE,FALSE,FALSE,FALSE,NA,NA,"Centre de Recherches Interdisciplinaires","Other"
"69","26d7396df13b6c45b11c392793c54af2","Chargé de mission Ingénierie Process at Agronutris","France","371e4a49fe245cbd34341825ced80fe4","Promotion Béryllium 2014-2015","2017",FALSE,TRUE,TRUE,TRUE,TRUE,FALSE,FALSE,FALSE,NA,"Sciences du vivant","AgroParisTech - Institut des sciences et industries du vivant et de l'environnement","Other"
"70","26d7396df13b6c45b11c392793c54af2","Chargé de mission Ingénierie Process at Agronutris","France","371e4a49fe245cbd34341825ced80fe4","Promotion Béryllium 2014-2015","2017",TRUE,TRUE,TRUE,TRUE,TRUE,FALSE,FALSE,FALSE,"Biology","Bachelor of life sciences","Nord University","Bachelor"
"71","26d7396df13b6c45b11c392793c54af2","Chargé de mission Ingénierie Process at Agronutris","France","371e4a49fe245cbd34341825ced80fe4","Promotion Béryllium 2014-2015","2017",TRUE,FALSE,FALSE,FALSE,FALSE,FALSE,FALSE,FALSE,"Biologie, général","Licence BCGMP (BiologieCellulaire, Génétique, Microbiologie et Physiologie","Université de Rennes 1","Bachelor"
"72","809584f3cb9ac4004e3e445544331277","Ingénieur at CRI","France","13c4ed2acb01365fe28aec1a89335507","Promotion Béryllium 2014-2015","2017",FALSE,TRUE,TRUE,FALSE,FALSE,FALSE,FALSE,FALSE,"Diplômée","Master 2 (M2) BIP - Biologie et Bioressources Marines","Sorbonne Universités","Master"
"73","809584f3cb9ac4004e3e445544331277","Ingénieur at CRI","France","13c4ed2acb01365fe28aec1a89335507","Promotion Béryllium 2014-2015","2017",TRUE,TRUE,FALSE,FALSE,FALSE,FALSE,FALSE,FALSE,"Microbiologie, général","Master 2 (M2) Microbiologie Environnement Santé","Muséum National d'Histoire Naturelle — Enseignement/Formation","Master"
"74","809584f3cb9ac4004e3e445544331277","Ingénieur at CRI","France","13c4ed2acb01365fe28aec1a89335507","Promotion Béryllium 2014-2015","2017",TRUE,FALSE,FALSE,FALSE,FALSE,FALSE,FALSE,FALSE,"Evolution, Patrimoine Naturel et Sociétés. Specialité Mécanismes du Vivant et Environnement","Master 1","Muséum National d'Histoire Naturelle — Enseignement/Formation","Master"
"75","f85a64dc9b4e8fae0bba69658ed49507","Éducatrice at Jardin d'enfants Les Lutins","France","c4c64437b182bd5f425acd7edda91843","Promotion Bore 2015-2016","2018",TRUE,TRUE,TRUE,FALSE,FALSE,FALSE,FALSE,FALSE,"Métiers de l'Enseignement, de l'Éducation et de la Formation","Master MEEF","Sorbonne Université","Master"
"76","143ded98abd29a952eda872483253af4","PHD Student at Centre national de la recherche scientifique","France","8017d8111c76acd13de466c7299299f0","Promotion Bore 2015-2016","2018",TRUE,TRUE,TRUE,FALSE,FALSE,FALSE,FALSE,FALSE,"Student","Engineering","ENSTA Paris","Master"
"77","d9e04d5b0e3418c1b3ad60e0bcda8271","Stagiaire à l'IBPC - Equipe de Stéphane Lemaire at CNRS - Centre national de la recherche scientifique","France","75176daa06afe72951b04f8a1784c13a","Promotion Bore 2015-2016","2018",TRUE,TRUE,FALSE,FALSE,FALSE,FALSE,FALSE,FALSE,"System and Synthetic Biology","Master 2 (M2)","Université d'Évry","Master"
"78","d9e04d5b0e3418c1b3ad60e0bcda8271","Stagiaire à l'IBPC - Equipe de Stéphane Lemaire at CNRS - Centre national de la recherche scientifique","France","75176daa06afe72951b04f8a1784c13a","Promotion Bore 2015-2016","2018",TRUE,FALSE,FALSE,FALSE,FALSE,FALSE,FALSE,FALSE,"Biologie moléculaire végétale","Master of Science - MS","Université Paris-Saclay","Master"
"79","de42531e222edbb90d718ab3aeb6a243","PHD Student at Institut Imagine","France","9fb43a22497df1add71e50632103a398","Promotion Bore 2015-2016","2018",FALSE,FALSE,TRUE,TRUE,TRUE,TRUE,FALSE,FALSE,NA,"Member of the doctoral network in public health","EHESP - École des hautes études en santé publique","Other"
"80","82b54f459092668066d4ea25814328f8","Contrat post-doctoral - Immunité Innée et Leptospires at Institut Pasteur","France","b3989b4aef9b581cfa518e3e3baca12e","Promotion Lithium 2013-2014","2016",FALSE,TRUE,TRUE,TRUE,TRUE,TRUE,FALSE,FALSE,"Immunité et infection","Doctorat","Université Paris Cité","PhD"
"81","de42531e222edbb90d718ab3aeb6a243","PHD Student at Institut Imagine","France","9fb43a22497df1add71e50632103a398","Promotion Bore 2015-2016","2018",FALSE,TRUE,TRUE,FALSE,FALSE,FALSE,FALSE,FALSE,"Sciences des données de santé","Master 2 (M2)","Université Paris-Saclay","Master"
"82","de42531e222edbb90d718ab3aeb6a243","PHD Student at Institut Imagine","France","9fb43a22497df1add71e50632103a398","Promotion Bore 2015-2016","2018",TRUE,TRUE,FALSE,FALSE,FALSE,FALSE,FALSE,FALSE,"Parcours ""Recherche en santé publique""","Master en santé publique","École de santé publique de l'Université de Montréal","Master"
"83","74c3d0531c7c74652c1c46bec9de9159","PhD student at Institut Curie","France","e1d83529940b0ca86f3fdfac092f23d0","Promotion Bore 2015-2016","2018",FALSE,TRUE,TRUE,FALSE,FALSE,FALSE,FALSE,FALSE,NA,"ENS Diploma - Master in Life Sciences PSL, M2 ""System Biology"" speciality","École normale supérieure","Master"
"84","74c3d0531c7c74652c1c46bec9de9159","PhD student at Institut Curie","France","e1d83529940b0ca86f3fdfac092f23d0","Promotion Bore 2015-2016","2018",TRUE,TRUE,FALSE,FALSE,FALSE,FALSE,FALSE,FALSE,"Developmental biology","ENS Diploma - Master in Life Sciences PSL (gap year)","École normale supérieure","Master"
"85","74c3d0531c7c74652c1c46bec9de9159","PhD student at Institut Curie","France","e1d83529940b0ca86f3fdfac092f23d0","Promotion Bore 2015-2016","2018",TRUE,FALSE,FALSE,FALSE,FALSE,FALSE,FALSE,FALSE,"Biologie","Diplôme de l'ENS - Master in Life Sciences PSL M1","École normale supérieure","Master"
"86","bf83d3cbf7ebfeeecdedd9519df56af8","PhD Student at Medical University of Vienna","Austria","619732c9175044d593e65fb8aa694032","Promotion Hélium 2012-2013","2015",TRUE,TRUE,FALSE,FALSE,FALSE,FALSE,FALSE,FALSE,"Systems biology and synthetic biology","Interdisciplinary Approaches in Life Sciences Master","Centre de Recherches Interdisciplinaires","Master"
"87","094386971bbab39897db7d658f461c62","Stagiaire en laboratoire de recherche at CEREEP-Ecotron Ile de france","United States of America","d9bb066d0573828e330c083530706b52","Promotion Bore 2015-2016","2018",TRUE,TRUE,TRUE,FALSE,FALSE,FALSE,FALSE,FALSE,"Biology specialization Biodiversity and Ecology","Master's degree","Wageningen University & Research","Master"
"88","1e76367ec7317eb6084a24f96b977f7b","Stagiaire at Sorbonne Université","France","e84970e9380906fb3d97bbd9a89593df","Promotion Bore 2015-2016","2018",TRUE,TRUE,FALSE,FALSE,FALSE,FALSE,FALSE,FALSE,"Biodiversite et environnement","Master sciences du vivant","École Pratique des Hautes Études","Master"
"89","3e4f5b750cfc1bb27a8a325560dfaf5d",NA,"France","4a4bb8b08cd44225c318587fcebab2b5","Promotion Oxygène 2018-2019","2021",TRUE,TRUE,TRUE,TRUE,TRUE,TRUE,FALSE,FALSE,NA,"Médecine","Sorbonne Université","PhD"
"90","34e317196fdf1c7df53d6f823e9ee675","PhD Student at Genoscope - National Center of Sequencing","France","05e4676a3926912d33fc3b8e98c0a4f4","Promotion Bore 2015-2016","2018",TRUE,TRUE,FALSE,FALSE,FALSE,FALSE,FALSE,FALSE,"Microbiology Environment Health","Master of Science","National Museum of Natural History of Paris","Master"
"91","4bcb3e211faafb6e8a15f19f26dd633f","Recruitment Consultant at Back Market","France","796250670c4f826a2f625dd66e3f42b7","Promotion Bore 2015-2016","2018",FALSE,TRUE,TRUE,FALSE,FALSE,FALSE,FALSE,FALSE,"History and Philosophy of Science and Technology","Master 2","University of Paris I: Panthéon-Sorbonne","Master"
"92","4bcb3e211faafb6e8a15f19f26dd633f","Recruitment Consultant at Back Market","France","796250670c4f826a2f625dd66e3f42b7","Promotion Bore 2015-2016","2018",TRUE,TRUE,FALSE,FALSE,FALSE,FALSE,FALSE,FALSE,"History and Philosophy of Science and Technology","Master 1","Ecole normale supérieure","Master"
"93","e88a7af931ae6b8042473ea412d69608","Research And Development Engineer at ARIA Technologies","France","c466a142e52df129d1cf55bae313a41a","Promotion Bore 2015-2016","2018",TRUE,TRUE,FALSE,FALSE,FALSE,FALSE,FALSE,FALSE,"Environmental Science","Master's degree, year 2","Université Paris-Saclay","Master"
"94","e88a7af931ae6b8042473ea412d69608","Research And Development Engineer at ARIA Technologies","France","c466a142e52df129d1cf55bae313a41a","Promotion Bore 2015-2016","2018",TRUE,FALSE,FALSE,FALSE,FALSE,FALSE,FALSE,FALSE,"Chemistry","Master's degree","Université Paris-Saclay","Master"
"95","16f90237093a043332d99e1460489551","Chargé de communication éditoriale et soutien aux juridictions administratives at Conseil d'État","France","54586486e5d6b69d297970652c9aa4b7","Promotion Bore 2015-2016","2018",TRUE,TRUE,FALSE,FALSE,FALSE,FALSE,FALSE,FALSE,"diploma with distinction","Audiovisual, scientific journalism and communication","Paris Diderot University","Other"
"96","37b55a641c35c0923555479e3b6f0763","Study of Titi Monkeys Alarm Call System at LINGUAE, Institut Jean Nicod","France","d718cf9d7a79a0a2648900e26ff67ff7","Promotion Bore 2015-2016","2018",TRUE,TRUE,TRUE,FALSE,FALSE,FALSE,FALSE,FALSE,"Cognitive Sciences, Linguistics Major","Master","École normale supérieure, EHESS, Paris Descartes","Master"
"97","37b55a641c35c0923555479e3b6f0763","Study of Titi Monkeys Alarm Call System at LINGUAE, Institut Jean Nicod","France","d718cf9d7a79a0a2648900e26ff67ff7","Promotion Bore 2015-2016","2018",TRUE,FALSE,FALSE,FALSE,FALSE,FALSE,FALSE,FALSE,"Cognitive Sciences and Language, Philosophy Branch","CCiL Master","Universitat de Barcelona","Master"
"98","60af3918aa1ab755534f39cae239e171","Research & Communications | Junior Project Manager at Lushomo","South Africa","906864e465223377d2f1e5ecc526bec1","Promotion Bore 2015-2016","2018",TRUE,FALSE,FALSE,FALSE,FALSE,FALSE,FALSE,FALSE,"School of Social and Political Sciences","MSc Global Health Policy","The University of Edinburgh","Master"
"99","60af3918aa1ab755534f39cae239e171","Research & Communications | Junior Project Manager at Lushomo","South Africa","906864e465223377d2f1e5ecc526bec1","Promotion Bore 2015-2016","2018",FALSE,FALSE,TRUE,FALSE,FALSE,FALSE,FALSE,FALSE,"Very Good","Project Management Foundations Certificate","University of Cape Town","Other"
"100","e04ed46780afafc7d2ecdce1ac15a1f1","Assistant chef de projet at Handiconnect","France","4511a4b54d1690497c21cb97db396369","Promotion Bore 2015-2016","2018",TRUE,TRUE,TRUE,TRUE,TRUE,TRUE,FALSE,FALSE,"Médecine","DFGSM2","Université Paris Descartes","Other"
"101","94369f5f833008a9b93d6e9ae7a6a533","Chargée de communication grand public et jeunes at ADEME","France","7e0effdc2fb683901e5ca551a0d90824","Promotion Bore 2015-2016","2018",FALSE,TRUE,TRUE,TRUE,FALSE,FALSE,FALSE,FALSE,"Audiovisuel, journalisme et communication scientifiques","Master","Université de Paris","Master"
"102","94369f5f833008a9b93d6e9ae7a6a533","Chargée de communication grand public et jeunes at ADEME","France","7e0effdc2fb683901e5ca551a0d90824","Promotion Bore 2015-2016","2018",TRUE,TRUE,FALSE,FALSE,FALSE,FALSE,FALSE,FALSE,"Sciences du Vivant - Biodiversité & Environnement","Master","Université PSL","Master"
"103","70ccd3d34ecabc1eabe711a903c2d58c","Stagiaire at AP-HP, Assistance Publique - Hôpitaux de Paris","France","c02ddf7d31b659899cc0748a8d1d206e","Promotion Carbone 2016-2017","2019",TRUE,TRUE,FALSE,FALSE,FALSE,FALSE,FALSE,FALSE,NA,"Licence en médecine","Université de Paris","Bachelor"
"104","70ccd3d34ecabc1eabe711a903c2d58c","Stagiaire at AP-HP, Assistance Publique - Hôpitaux de Paris","France","c02ddf7d31b659899cc0748a8d1d206e","Promotion Carbone 2016-2017","2019",TRUE,FALSE,FALSE,FALSE,FALSE,FALSE,FALSE,FALSE,NA,"Passerelle Licence > Médecine","Université de Paris","Other"
"105","8cf6024e9f22117fd51b7296c83675b9","Data Scientist at Millionroads","France","0f374aa8e7da3fd87915aae5457295d6","Promotion Carbone 2016-2017","2019",TRUE,TRUE,FALSE,FALSE,FALSE,FALSE,FALSE,FALSE,"Digital Sciences","Master's degree","CRI","Master"
"106","2228d86cdb907d2d28f38d5ac154e29c","Animatrice de conférences at CNRS - Centre national de la recherche scientifique","France","960f303126853216bbaafb1d5a280c4b","Promotion Carbone 2016-2017","2019",TRUE,TRUE,TRUE,FALSE,FALSE,FALSE,FALSE,FALSE,"Didactiques des Sciences","Master","Université Claude Bernard Lyon 1","Master"
"107","2e67442ad40aa176d6a6ff74e2c6e5d8","Chargé de développement commercial at AXA Climate","France","7aa6f12c993eeaca1c242f0045f5fd42","Promotion Carbone 2016-2017","2019",TRUE,TRUE,FALSE,FALSE,FALSE,FALSE,FALSE,FALSE,NA,"Master Energy Environment: Science Technology and Management (STEEM)","École Polytechnique","Master"
"108","11e11a51b0ca699493bb54c3fd077fb9","Stage: Etude des réponses comportementales des cercopithèques de l'Hoest face à des prédateurs at Muséum national d'Histoire naturelle","France","93956aa13e6fa671186f0f5e9d3f3f55","Promotion Carbone 2016-2017","2019",TRUE,TRUE,FALSE,FALSE,FALSE,FALSE,FALSE,FALSE,NA,"Master 2 (M2)","Université Sorbonne Paris Nord","Master"
"109","11e11a51b0ca699493bb54c3fd077fb9","Stage: Etude des réponses comportementales des cercopithèques de l'Hoest face à des prédateurs at Muséum national d'Histoire naturelle","France","93956aa13e6fa671186f0f5e9d3f3f55","Promotion Carbone 2016-2017","2019",TRUE,FALSE,FALSE,FALSE,FALSE,FALSE,FALSE,FALSE,"Ethologie","Master 1 (M1)","Université Sorbonne Paris Nord","Master"
"110","e53f9a480b67482bc6df5a66ed7a452b","Computer Science Teacher at Tech & Code Factory","France","d8a8e356d42d3ffd6ff83cfcf95e527e","Promotion Carbone 2016-2017","2019",TRUE,TRUE,FALSE,FALSE,FALSE,FALSE,FALSE,FALSE,"Computer Science","Master AIRE","Université de Paris","Master"
"111","ea2712e06823f9d0d6e183ff902bc0d9","Ingénieur de projets en sites et sols pollués at TESORA","France","5234c8ce6a1d9fe730935b2c5fb5d116","Promotion Carbone 2016-2017","2019",TRUE,TRUE,FALSE,FALSE,FALSE,FALSE,FALSE,FALSE,"Pollutions chimiques et gestion environnementale","Master 2 (M2)","Université Paris-Saclay","Master"
"112","ea2712e06823f9d0d6e183ff902bc0d9","Ingénieur de projets en sites et sols pollués at TESORA","France","5234c8ce6a1d9fe730935b2c5fb5d116","Promotion Carbone 2016-2017","2019",TRUE,FALSE,FALSE,FALSE,FALSE,FALSE,FALSE,FALSE,"Biodiversité, Écologie, Évolution","Master","Université Paris-Saclay","Master"
"113","c13aac213408f36ec5a33890a173ff18","M1 internship - Bayesian statistical model applied to forest ecology at AgroParisTech - National Institute of Technology for Life, Food and Environmental sciences","France","9f9f63cc8a6df0f34869372c4ec1a83a","Promotion Carbone 2016-2017","2019",FALSE,TRUE,TRUE,TRUE,FALSE,FALSE,FALSE,FALSE,"Statistics & Economics","Engineer diploma","ENSAE Paris","Master"
"114","c13aac213408f36ec5a33890a173ff18","M1 internship - Bayesian statistical model applied to forest ecology at AgroParisTech - National Institute of Technology for Life, Food and Environmental sciences","France","9f9f63cc8a6df0f34869372c4ec1a83a","Promotion Carbone 2016-2017","2019",TRUE,TRUE,FALSE,FALSE,FALSE,FALSE,FALSE,FALSE,NA,"Agronomist","AgroParisTech","Master"
"115","a3ffc797e6b6e7f89bc3f105e2bf07e1","Intern at Museum national d'Histoire naturelle","France","b5f59c769edd58c8f1083dae0e561b1f","Promotion Carbone 2016-2017","2019",TRUE,TRUE,TRUE,FALSE,FALSE,FALSE,FALSE,FALSE,"Ecology and Evolutionary Biology","Master's degree","Université Paris-Saclay","Master"
"116","a09a916c2c481435414eaa172302bc42","Ingénieur agronome at Instituto Superior de Agronomia","France","63fc11442693ea4b16fcaef8c24ddd83","Promotion Carbone 2016-2017","2019",TRUE,TRUE,TRUE,FALSE,FALSE,FALSE,FALSE,FALSE,NA,"Agronomy degree","National Institute of Agricultural Sciences, Food and Environment of Dijon, France","Master"
"117","a09a916c2c481435414eaa172302bc42","Ingénieur agronome at Instituto Superior de Agronomia","France","63fc11442693ea4b16fcaef8c24ddd83","Promotion Carbone 2016-2017","2019",TRUE,TRUE,FALSE,FALSE,FALSE,FALSE,FALSE,FALSE,"Science du sol et agronomie, général","Agronomy degree","University of Natural Resources and Life Sciences, Vienna, Austria","Master"
"118","36e61a7ce591ed253a2ec337cb344532","Civic service at AILERONS association - Fin indicator at Association AILERONS","France","a00fc52c63902481b1b66eb1df874028","Promotion Carbone 2016-2017","2019",TRUE,TRUE,FALSE,FALSE,FALSE,FALSE,FALSE,FALSE,"marine sciences","Master's degree","Sorbonne Université","Master"
"119","dbf4be8a28e0d60c55d0dd44103763ea","Assistant chef de projet milieux humides et aquatiques continentaux at Biotope","France","e7d062183368e3ec692b504990295b5d","Promotion Carbone 2016-2017","2019",TRUE,TRUE,FALSE,FALSE,FALSE,FALSE,FALSE,FALSE,"Biodiversity, ecology and evolution","Master's degree","École du Muséum National de l’Histoire Naturelle","Master"
"120","46304bca188699df69665cc978c22275","Stage - La cime d’un arbre comme solution aux enjeux d’hébergement de lémuriens en captivité ? at Parc Zoologique et Botanique de Mulhouse","France","faa1191f1da1d9da2ad79af65ce3e5c5","Promotion Carbone 2016-2017","2019",TRUE,TRUE,FALSE,FALSE,FALSE,FALSE,FALSE,FALSE,"Applied Ethology","Master 2 (M2)","Université Sorbonne Paris Nord","Master"
"121","46304bca188699df69665cc978c22275","Stage - La cime d’un arbre comme solution aux enjeux d’hébergement de lémuriens en captivité ? at Parc Zoologique et Botanique de Mulhouse","France","faa1191f1da1d9da2ad79af65ce3e5c5","Promotion Carbone 2016-2017","2019",TRUE,TRUE,FALSE,FALSE,FALSE,FALSE,FALSE,FALSE,"Ethologie Appliquée","Master 2","Université Sorbonne Paris Nord","Master"
"122","46304bca188699df69665cc978c22275","Stage - La cime d’un arbre comme solution aux enjeux d’hébergement de lémuriens en captivité ? at Parc Zoologique et Botanique de Mulhouse","France","faa1191f1da1d9da2ad79af65ce3e5c5","Promotion Carbone 2016-2017","2019",TRUE,TRUE,FALSE,FALSE,FALSE,FALSE,FALSE,FALSE,"Ethologie Appliquée","Master 2 (M2)","Université Sorbonne Paris Nord","Master"
"123","46304bca188699df69665cc978c22275","Stage - La cime d’un arbre comme solution aux enjeux d’hébergement de lémuriens en captivité ? at Parc Zoologique et Botanique de Mulhouse","France","faa1191f1da1d9da2ad79af65ce3e5c5","Promotion Carbone 2016-2017","2019",TRUE,FALSE,FALSE,FALSE,FALSE,FALSE,FALSE,FALSE,"Ethologie","Master 1 (M1)","Université Sorbonne Paris Nord","Master"
"124","f275d4df0b711a87adaf4710eea5ba72","Teacher at Université de Paris","France","8a7b2d85bd627f7c5b00322f96da8b14","Promotion Carbone 2016-2017","2019",FALSE,TRUE,TRUE,FALSE,FALSE,FALSE,FALSE,FALSE,"Data Artificial Intelligence","Master","Institut Polytechnique de Paris","Master"
"125","f275d4df0b711a87adaf4710eea5ba72","Teacher at Université de Paris","France","8a7b2d85bd627f7c5b00322f96da8b14","Promotion Carbone 2016-2017","2019",TRUE,TRUE,FALSE,FALSE,FALSE,FALSE,FALSE,FALSE,"Informatique","Master AIRE - Digital Science Track","CRI","Master"
"126","ac846752245a5f7eed9db38da4d2ea66","Manager, Customer Success at Hublo","France","3e1225c1cf7a3c7f0612b1c12e674167","Promotion Carbone 2016-2017","2019",FALSE,TRUE,TRUE,FALSE,FALSE,FALSE,FALSE,FALSE,"Business Administration and Management, General","Master 2 management de l'innovation","Sorbonne Université","Master"
"127","ac846752245a5f7eed9db38da4d2ea66","Manager, Customer Success at Hublo","France","3e1225c1cf7a3c7f0612b1c12e674167","Promotion Carbone 2016-2017","2019",TRUE,TRUE,FALSE,FALSE,FALSE,FALSE,FALSE,FALSE,"biologie / santé","Master of Science - MS","Université PSL","Master"
"128","416edaf761c57a3a92c7eb24c3329743","Chargée de mission développement durable et transition écologique at Département de la Vendée","France","57152973e861c75f7b5341990e88822a","Promotion Carbone 2016-2017","2019",TRUE,TRUE,FALSE,FALSE,FALSE,FALSE,FALSE,FALSE,"Sciences et Politiques de l'Environnement","Double Master Sciences Po–Sorbonne","Sorbonne Université","Master"
"129","416edaf761c57a3a92c7eb24c3329743","Chargée de mission développement durable et transition écologique at Département de la Vendée","France","57152973e861c75f7b5341990e88822a","Promotion Carbone 2016-2017","2019",TRUE,TRUE,FALSE,FALSE,FALSE,FALSE,FALSE,FALSE,"Sciences et Politiques de l'Environnement","Double Master Sciences Po–Sorbonne","sciences po","Master"
"130","20114d4d9aef7cb4663e787dbced693f","Enzyme Engineering Scientist at DNA Script","France","af3c5d6130c749a47e78cc65dc0c52ed","Promotion Hydrogène 2011-2012","2014",FALSE,TRUE,TRUE,TRUE,TRUE,FALSE,FALSE,FALSE,"Applied life sciences, biotechnology and engineering of molecular biosystems","PhD","Université de Paris","PhD"
"131","ebca82c94a745f86a0b4a268bc5ecf27","PHD Candidate at Harvard University","United States of America","26690cc29b51571d4385f48aac010357","Promotion Hélium 2012-2013","2015",TRUE,TRUE,FALSE,FALSE,FALSE,FALSE,FALSE,FALSE,"Ecology and Evolutionary Biology","Master’s Degree","Eidgenössische Technische Hochschule Zürich","Master"
"132","95dcb67fb5d78d0c099249d553343451","Research Associate at King's College London","United Kingdom","06282301e79f59b050aebd6f06da8003","Promotion Hydrogène 2011-2012","2014",FALSE,TRUE,TRUE,TRUE,TRUE,TRUE,FALSE,FALSE,"Neuroscience","Doctor of Philosophy - PhD","École normale supérieure","PhD"
"133","475d75132f2010c708185db8937fa4fb","PhD student at The Francis Crick Institute","United Kingdom","a2252becdf74dc987de2ff5aae5202b5","Promotion Hélium 2012-2013","2015",TRUE,TRUE,FALSE,FALSE,FALSE,FALSE,FALSE,FALSE,NA,"MSc","Université Paris Descartes","Master"
"134","7c3967bd65e54ee4984a406a7bee08a9","PHD Student at Centre de recherche des Cordeliers","France","06ffe075a07f1d28bf54c67bd5b6f16d","Promotion Lithium 2013-2014","2016",FALSE,TRUE,TRUE,TRUE,TRUE,TRUE,FALSE,FALSE,"Onco-Immunology","PhD Student","Paris-Sud University (Paris XI)","PhD"
"135","ebca82c94a745f86a0b4a268bc5ecf27","PHD Candidate at Harvard University","United States of America","26690cc29b51571d4385f48aac010357","Promotion Hélium 2012-2013","2015",FALSE,FALSE,TRUE,TRUE,TRUE,TRUE,TRUE,TRUE,"Cell/Cellular and Molecular Biology","Doctor of Philosophy - PhD","Harvard University","PhD"
"136","4a59c990c1f3c2d7db2d9436336af658","PhD Student - Laboratory of Physiology and Physiopathology of the Urogenital Tract at IRSET","France","f2aaa2332f1ef8185cb7ff2d7fa9de6a","Promotion Hélium 2012-2013","2015",TRUE,TRUE,FALSE,FALSE,FALSE,FALSE,FALSE,FALSE,"Molecular and Medical Virology","Master’s Degree","Université Paris Diderot","Master"
"137","4a59c990c1f3c2d7db2d9436336af658","PhD Student - Laboratory of Physiology and Physiopathology of the Urogenital Tract at IRSET","France","f2aaa2332f1ef8185cb7ff2d7fa9de6a","Promotion Hélium 2012-2013","2015",TRUE,FALSE,FALSE,FALSE,FALSE,FALSE,FALSE,FALSE,"Double Major: Virology, Immunology","MSc1","Université Denis Diderot (Paris VII)","Master"
"138","6c45e021dbc56bf4e34f9dec0d2602e6","Research Internship at Laboratoire Ecologie Systématique Evolution","France","924726772f2a6bc497b0ca392015ea8e","Promotion Hélium 2012-2013","2015",TRUE,TRUE,TRUE,FALSE,FALSE,FALSE,FALSE,FALSE,"Ecology, Evolution, Systematics, and Population Biology","Master Biodiversité Ecologie Evolution","Université Paris-Saclay","Master"
"139","41bdadf8515304c2428571f2baa20eec","Journaliste pigiste : sciences, santé at Bayard","France","bacf1b7666efb22ad9fc62474675c3d0","Promotion Hélium 2012-2013","2015",FALSE,FALSE,TRUE,TRUE,FALSE,FALSE,FALSE,FALSE,"Journalisme","Master Cinéma et Audiovisuel, parcours Journalisme Scientifique","Université Paris Diderot","Master"
"140","41bdadf8515304c2428571f2baa20eec","Journaliste pigiste : sciences, santé at Bayard","France","bacf1b7666efb22ad9fc62474675c3d0","Promotion Hélium 2012-2013","2015",TRUE,TRUE,TRUE,FALSE,FALSE,FALSE,FALSE,FALSE,"Recherche en sciences cognitives","Master de sciences cognitives","École normale supérieure Ulm","Master"
"141","bf83d3cbf7ebfeeecdedd9519df56af8","PhD Student at Medical University of Vienna","Austria","619732c9175044d593e65fb8aa694032","Promotion Hélium 2012-2013","2015",TRUE,TRUE,FALSE,FALSE,FALSE,FALSE,FALSE,FALSE,"Systems biology and synthetic biology","Interdisciplinary Approaches in Life Sciences Master","Centre de Recherches Interdisciplinaires","Master"
"142","8ce0a449d85cc40b838271b470b4c70e","Co-fondatrice at Premiers Cris","France","ea0fead91d964041e0e9b7510c5aff61","Promotion Hydrogène 2011-2012","2014",FALSE,TRUE,TRUE,TRUE,TRUE,FALSE,FALSE,FALSE,"Science cognitives","Doctorat","CRI","PhD"
"143","72330e9b972f596111b38efa1cae98b9","PHD Student at NAVAL GROUP","France","35d09d0b2f5f47f4277e8689c6f8d7fb","Promotion Hélium 2012-2013","2015",FALSE,FALSE,TRUE,TRUE,FALSE,FALSE,FALSE,FALSE,"image et son pour les systèmes intelligents","Master's degree","Sorbonne Université","Master"
"144","72330e9b972f596111b38efa1cae98b9","PHD Student at NAVAL GROUP","France","35d09d0b2f5f47f4277e8689c6f8d7fb","Promotion Hélium 2012-2013","2015",FALSE,TRUE,TRUE,FALSE,FALSE,FALSE,FALSE,FALSE,"Intelligent Systems and Robotics","Master's degree","De monfort University","Master"
"145","72330e9b972f596111b38efa1cae98b9","PHD Student at NAVAL GROUP","France","35d09d0b2f5f47f4277e8689c6f8d7fb","Promotion Hélium 2012-2013","2015",TRUE,TRUE,FALSE,FALSE,FALSE,FALSE,FALSE,FALSE,"Mathématiques et informatique","licence","IUT Paris Descartes","Bachelor"
"146","08794f3ab79d0bd8ee3091c566b210e6","Internship at frei Universität Berlin -Ecology lab","France","9ce7b1fa3f381e5642391e2ca20bea6b","Promotion Hélium 2012-2013","2015",TRUE,FALSE,FALSE,FALSE,FALSE,FALSE,FALSE,FALSE,NA,NA,"université Paris Descartes -UFR Math-Info","Other"
"147","08794f3ab79d0bd8ee3091c566b210e6","Internship at frei Universität Berlin -Ecology lab","France","9ce7b1fa3f381e5642391e2ca20bea6b","Promotion Hélium 2012-2013","2015",TRUE,FALSE,FALSE,FALSE,FALSE,FALSE,FALSE,FALSE,NA,NA,"Université René Descartes (Paris V)","Other"
"148","eed5054cedd2a3ca6ac4d9bedaf53f45","Research and Development Manager at PathMaker Neurosystems Inc.","France","ee966b8861105d605d55dabcd7928622","Promotion Hélium 2012-2013","2015",TRUE,TRUE,FALSE,FALSE,FALSE,FALSE,FALSE,FALSE,"Biomedical Engineering, Neural and Motor Systems Track","Master of Science (M.Sc.)","University of Twente","Master"
"149","f1dc79e74a02d40e0d1520e5a16ed69e","Etudiant en médecine at Formation continue Université de Nantes","France","0224f9282e046194fe0ce6fbf5d776b5","Promotion Hélium 2012-2013","2015",TRUE,TRUE,FALSE,FALSE,FALSE,FALSE,FALSE,FALSE,"Epidémiologie","Master 2","Institut de santé publique, d'épidémiologie et de développement (ISPED)","Master"
"150","f1dc79e74a02d40e0d1520e5a16ed69e","Etudiant en médecine at Formation continue Université de Nantes","France","0224f9282e046194fe0ce6fbf5d776b5","Promotion Hélium 2012-2013","2015",TRUE,FALSE,FALSE,FALSE,FALSE,FALSE,FALSE,FALSE,"Santé publique","Master 1","Institut de santé publique, d'épidémiologie et de développement (ISPED)","Master"
"151","df760ca2855f44142f5aa5d7699bb13a","Ingénieur at Institut de Génétique Humaine","France","6b4b27b4dd1d8cd0c4632065f8e935ef","Promotion Hydrogène 2011-2012","2014",FALSE,FALSE,TRUE,TRUE,TRUE,TRUE,TRUE,TRUE,NA,"Doctorat de Biologie","Université de Montpellier","PhD"
"152","1bbef62a2e3919215422d781721fe705","ANIA - Responsable communication institutionnelle et médiatique at ANIA (Association Nationale des Industries Alimentaires)","France","e8a90ed38b53cc5cc3932514ba1322b8","Promotion Hélium 2012-2013","2015",TRUE,TRUE,FALSE,FALSE,FALSE,FALSE,FALSE,FALSE,NA,"AgroParisTech, Food, Nutrition, General","AgroParisTech - Institut des sciences et industries du vivant et de l'environnement","Master"
"153","490b2b34dfb2d722ed2b36396dae7449","Co founder at CognitiveDesign","France","72fa6676b19d788c22ee14d4937dd94b","Promotion Hélium 2012-2013","2015",FALSE,FALSE,FALSE,TRUE,TRUE,FALSE,FALSE,FALSE,"Master Natural and Artificial Cognition","Master's degree","Grenoble INP - Phelma","Master"
"154","490b2b34dfb2d722ed2b36396dae7449","Co founder at CognitiveDesign","France","72fa6676b19d788c22ee14d4937dd94b","Promotion Hélium 2012-2013","2015",FALSE,TRUE,TRUE,TRUE,FALSE,FALSE,FALSE,FALSE,"Sciences cognitives","Master's degree","Lyon lumière II","Master"
"155","490b2b34dfb2d722ed2b36396dae7449","Co founder at CognitiveDesign","France","72fa6676b19d788c22ee14d4937dd94b","Promotion Hélium 2012-2013","2015",FALSE,TRUE,TRUE,FALSE,FALSE,FALSE,FALSE,FALSE,"Recherche et entrepreunariat","D.U C.R.E.E.R","CRI - Centre de Recherches Interdisciplinaires","Other"
"156","490b2b34dfb2d722ed2b36396dae7449","Co founder at CognitiveDesign","France","72fa6676b19d788c22ee14d4937dd94b","Promotion Hélium 2012-2013","2015",TRUE,FALSE,FALSE,FALSE,FALSE,FALSE,FALSE,FALSE,"Philosophy and Logic","Bachelor's degree","Université Paris 1 Panthéon-Sorbonne","Bachelor"
"157","67af1831de65104374b77b9a597f4671","Stagiaire UX/ Product Owner at Tyllt","France","2bd659581e6efed3841e38a43d698cac","Promotion Hélium 2012-2013","2015",FALSE,FALSE,FALSE,FALSE,FALSE,TRUE,FALSE,FALSE,"Informatique","Maitrise en science de l'information et technologie","Université du Québec en Outaouais","Master"
"158","67af1831de65104374b77b9a597f4671","Stagiaire UX/ Product Owner at Tyllt","France","2bd659581e6efed3841e38a43d698cac","Promotion Hélium 2012-2013","2015",FALSE,FALSE,FALSE,TRUE,TRUE,TRUE,TRUE,FALSE,"Cognitique (cognition + automatique)","Diplôme d'ingénieur","Ecole Nationale Supérieure de Cognitique (ENSC)","Master"
"159","67af1831de65104374b77b9a597f4671","Stagiaire UX/ Product Owner at Tyllt","France","2bd659581e6efed3841e38a43d698cac","Promotion Hélium 2012-2013","2015",TRUE,TRUE,FALSE,FALSE,FALSE,FALSE,FALSE,FALSE,"Neurosciences cognitives et comportementales","Master","Université Pierre et Marie Curie","Master"
"160","fa8100a38618e8a682ee26c3ba5e0124","Journaliste santé • Rose Magazine at RoseUp Association","France","3fa962e11fe57072bd84c577c5f822ab","Promotion Hydrogène 2011-2012","2014",FALSE,TRUE,TRUE,FALSE,FALSE,FALSE,FALSE,FALSE,NA,"Master 2 Méthodologie et Statistique en Recherche Biomédicale","Université Paris-Saclay","Master"
"161","fa8100a38618e8a682ee26c3ba5e0124","Journaliste santé • Rose Magazine at RoseUp Association","France","3fa962e11fe57072bd84c577c5f822ab","Promotion Hydrogène 2011-2012","2014",TRUE,TRUE,FALSE,FALSE,FALSE,FALSE,FALSE,FALSE,NA,"Master 1 Santé Publique","Université de Bordeaux","Master"
"162","4360e0698ecc034deb32093633acec9e","Doctoral Researcher at Max-Planck-Institute for Evolutionary Anthropology","Germany","8872e57594b61827a24f87c88222ab11","Promotion Hydrogène 2011-2012","2014",FALSE,TRUE,TRUE,TRUE,FALSE,FALSE,FALSE,FALSE,NA,"MSc. Biology-Computer Science/Bioinformatics","Université Paris Diderot","Master"
"163","4360e0698ecc034deb32093633acec9e","Doctoral Researcher at Max-Planck-Institute for Evolutionary Anthropology","Germany","8872e57594b61827a24f87c88222ab11","Promotion Hydrogène 2011-2012","2014",TRUE,FALSE,FALSE,FALSE,FALSE,FALSE,FALSE,FALSE,NA,"Master's degree","Université Joseph Fourier (Grenoble I)","Master"
"164","59938c3e874a32dea68c55c70972105c","Médiateur scientifique at OCEANOPOLIS","France","c36547082dcda702ff7771e94334592e","Promotion Hydrogène 2011-2012","2014",FALSE,FALSE,FALSE,FALSE,FALSE,FALSE,TRUE,TRUE,"Bioinformatics biostatistics","Master's degree","Nantes Université","Master"
"165","59938c3e874a32dea68c55c70972105c","Médiateur scientifique at OCEANOPOLIS","France","c36547082dcda702ff7771e94334592e","Promotion Hydrogène 2011-2012","2014",FALSE,TRUE,TRUE,TRUE,FALSE,FALSE,FALSE,FALSE,"Marine Biology and Biological Oceanography","Master’s Degree","Université de Bretagne Occidentale","Master"
"166","59938c3e874a32dea68c55c70972105c","Médiateur scientifique at OCEANOPOLIS","France","c36547082dcda702ff7771e94334592e","Promotion Hydrogène 2011-2012","2014",FALSE,TRUE,TRUE,TRUE,TRUE,TRUE,TRUE,TRUE,"Animaux venimeux et Vénéneux","Diplôme d'université","Museum National d'Histoire Naturelle","Other"
"167","59938c3e874a32dea68c55c70972105c","Médiateur scientifique at OCEANOPOLIS","France","c36547082dcda702ff7771e94334592e","Promotion Hydrogène 2011-2012","2014",TRUE,TRUE,TRUE,TRUE,TRUE,TRUE,TRUE,TRUE,"Marine biology aquaculture,oceanography, ecotoxicology, environmental chemistry.","Semestre d'échange et stage","Det medisinske fakultet, NTNU","Other"
"168","f96ee979d4a6adb7a4da8dd9cd4ac94e",NA,"France","c4a5282f292911de20f5dee446e69b74","Promotion Hydrogène 2011-2012","2014",FALSE,TRUE,TRUE,FALSE,FALSE,FALSE,FALSE,FALSE,"Chimie","Master 2 (M2)","Université Pierre et Marie Curie (Paris VI)","Master"
"169","f96ee979d4a6adb7a4da8dd9cd4ac94e",NA,"France","c4a5282f292911de20f5dee446e69b74","Promotion Hydrogène 2011-2012","2014",TRUE,TRUE,FALSE,FALSE,FALSE,FALSE,FALSE,FALSE,"Archéologie","Master","Université Rennes 2","Master"
"170","2d65463c429bffab4f98d166411e7a89","Étudiante at École normale supérieure Paris-Saclay","France","dfe1e77ea3be4ceeffac3682c407a6aa","Promotion Azote 2017-2018","2020",TRUE,TRUE,TRUE,TRUE,TRUE,TRUE,FALSE,FALSE,"Neurosciences et interdisciplinarité","Licence scientifique / Médecine","Université de Paris","PhD"
"171","95dcb67fb5d78d0c099249d553343451","Research Associate at King's College London","United Kingdom","06282301e79f59b050aebd6f06da8003","Promotion Hydrogène 2011-2012","2014",TRUE,TRUE,FALSE,FALSE,FALSE,FALSE,FALSE,FALSE,"Neuroscience","Master's degree","Ecole normale supérieure","Master"
"172","95dcb67fb5d78d0c099249d553343451","Research Associate at King's College London","United Kingdom","06282301e79f59b050aebd6f06da8003","Promotion Hydrogène 2011-2012","2014",TRUE,TRUE,FALSE,FALSE,FALSE,FALSE,FALSE,FALSE,"Neuroscience","Master 2 (M2)","Université Pierre et Marie Curie (Paris VI)","Master"
"173","0c8c53790d60ab63100caa7f81ddf9b6","Conseillère Carrière pour l'évolution professionnelle des scientifiques at Institut Pasteur","France","ab9098719d48172a352756de03855b02","Promotion Hydrogène 2011-2012","2014",FALSE,TRUE,TRUE,TRUE,TRUE,FALSE,FALSE,FALSE,"Immunology and Parasitogy","Doctor of Philosophy - PhD","Université Pierre et Marie Curie","PhD"
"174","0c8c53790d60ab63100caa7f81ddf9b6","Conseillère Carrière pour l'évolution professionnelle des scientifiques at Institut Pasteur","France","ab9098719d48172a352756de03855b02","Promotion Hydrogène 2011-2012","2014",TRUE,TRUE,FALSE,FALSE,FALSE,FALSE,FALSE,FALSE,"Infectious diseases","Master 2 (M2)","Université Paris-Saclay","Master"
"175","0c8c53790d60ab63100caa7f81ddf9b6","Conseillère Carrière pour l'évolution professionnelle des scientifiques at Institut Pasteur","France","ab9098719d48172a352756de03855b02","Promotion Hydrogène 2011-2012","2014",TRUE,FALSE,FALSE,FALSE,FALSE,FALSE,FALSE,FALSE,"Integrative biology","Master's degree","AgroParisTech - Institut des sciences et industries du vivant et de l'environnement","Master"
"176","8ce0a449d85cc40b838271b470b4c70e","Co-fondatrice at Premiers Cris","France","ea0fead91d964041e0e9b7510c5aff61","Promotion Hydrogène 2011-2012","2014",TRUE,FALSE,FALSE,FALSE,FALSE,FALSE,FALSE,FALSE,"Sciences cognitives","Master 1","Ecole normale supérieure","Master"
"177","f1dc79e74a02d40e0d1520e5a16ed69e","Etudiant en médecine at Formation continue Université de Nantes","France","0224f9282e046194fe0ce6fbf5d776b5","Promotion Hélium 2012-2013","2015",FALSE,FALSE,FALSE,TRUE,TRUE,TRUE,TRUE,FALSE,NA,"Medicine","Nantes Université","PhD"
"178","8ce0a449d85cc40b838271b470b4c70e","Co-fondatrice at Premiers Cris","France","ea0fead91d964041e0e9b7510c5aff61","Promotion Hydrogène 2011-2012","2014",TRUE,TRUE,FALSE,FALSE,FALSE,FALSE,FALSE,FALSE,"Sciences cognitives","Master 2 (M2)","Ecole normale supérieure","Master"
"179","feb5c4ba7bdc0267244f037909e49d05","Étudiant doctorant at CNRS - Centre national de la recherche scientifique","France","b3a93d670d431960438574ba61a176f5","Promotion Béryllium 2014-2015","2017",FALSE,FALSE,TRUE,TRUE,TRUE,FALSE,FALSE,FALSE,"Mate choice in a monomorphic dull bird species: a role for behaviour?","Doctorat","Université de Montpellier","PhD"
"180","df760ca2855f44142f5aa5d7699bb13a","Ingénieur at Institut de Génétique Humaine","France","6b4b27b4dd1d8cd0c4632065f8e935ef","Promotion Hydrogène 2011-2012","2014",TRUE,TRUE,FALSE,FALSE,FALSE,FALSE,FALSE,FALSE,"Virologie","Master IMVI (Immunologie Microbiologie Virologie Infectiologie","Université Paris Diderot","Master"
"181","d580ced4904bdc3226762e485a551dc5","Référence Hygiène et Sécurité Alimentaire ARPEGE Cook and Style at ARPEGE Cook And Style","France","0dbc21d3c5549a5989189d1d50043bf5","Promotion Hydrogène 2011-2012","2014",TRUE,TRUE,FALSE,FALSE,FALSE,FALSE,FALSE,FALSE,"Analyses de Risques Sanitaires liés à l'Alimentation","Master 2","AgroParisTech - Institut des sciences et industries du vivant et de l'environnement","Master"
"182","d580ced4904bdc3226762e485a551dc5","Référence Hygiène et Sécurité Alimentaire ARPEGE Cook and Style at ARPEGE Cook And Style","France","0dbc21d3c5549a5989189d1d50043bf5","Promotion Hydrogène 2011-2012","2014",TRUE,FALSE,FALSE,FALSE,FALSE,FALSE,FALSE,FALSE,"Nutriton et Sciences des Aliments","Master 1","AgroParisTech - Institut des sciences et industries du vivant et de l'environnement","Master"
"183","52403b0075a8df667b8eb43b7736a378","Training Manager at Ipsen","France","412c9f702db8d1f33930e8e9d15490d3","Promotion Hydrogène 2011-2012","2014",FALSE,TRUE,TRUE,FALSE,FALSE,FALSE,FALSE,FALSE,NA,"Master's degree","Université Pierre et Marie Curie (Paris VI)","Master"
"184","52403b0075a8df667b8eb43b7736a378","Training Manager at Ipsen","France","412c9f702db8d1f33930e8e9d15490d3","Promotion Hydrogène 2011-2012","2014",TRUE,TRUE,FALSE,FALSE,FALSE,FALSE,FALSE,FALSE,NA,"Master's degree","AgroParisTech - Institut des sciences et industries du vivant et de l'environnement","Master"
"185","8148cd205fe491f4f681ce79fbed4c8b","Enseignante et médiatrice at L'ATELIER DES JOURS A VENIR","France","872167ffdb46329655221f3c5648b2ae","Promotion Hydrogène 2011-2012","2014",TRUE,TRUE,FALSE,FALSE,FALSE,FALSE,FALSE,FALSE,NA,"Master 2 Santé Publique, option épidémiologie d'intervention","ISPED (Institut de Santé Publique, d'Epidémiologie et de Développement), Université de Bordeaux","Master"
"186","8148cd205fe491f4f681ce79fbed4c8b","Enseignante et médiatrice at L'ATELIER DES JOURS A VENIR","France","872167ffdb46329655221f3c5648b2ae","Promotion Hydrogène 2011-2012","2014",TRUE,FALSE,FALSE,FALSE,FALSE,FALSE,FALSE,FALSE,NA,"Master 1 Santé Publique, Option Epidémiologie","ISPED (Institut de Santé Publique, d'Epidémiologie et de Développement), Université de Bordeaux","Master"
"187","8148cd205fe491f4f681ce79fbed4c8b","Enseignante et médiatrice at L'ATELIER DES JOURS A VENIR","France","872167ffdb46329655221f3c5648b2ae","Promotion Hydrogène 2011-2012","2014",FALSE,FALSE,TRUE,FALSE,FALSE,FALSE,FALSE,FALSE,NA,"Animer des débats participatifs (formation sur une journée)","Association Lyon A Double Sens","Other"
"188","8148cd205fe491f4f681ce79fbed4c8b","Enseignante et médiatrice at L'ATELIER DES JOURS A VENIR","France","872167ffdb46329655221f3c5648b2ae","Promotion Hydrogène 2011-2012","2014",FALSE,FALSE,TRUE,FALSE,FALSE,FALSE,FALSE,FALSE,NA,"Prendre en compte l’approche du genre dans sa pratique professionnelle  (2 jours de formation)","Association l'Ebullition","Other"
"189","8148cd205fe491f4f681ce79fbed4c8b","Enseignante et médiatrice at L'ATELIER DES JOURS A VENIR","France","872167ffdb46329655221f3c5648b2ae","Promotion Hydrogène 2011-2012","2014",FALSE,FALSE,TRUE,TRUE,TRUE,TRUE,TRUE,TRUE,NA,"MOOC : violences faites aux femmes (plateforme FUN)","Formation indépendante","Other"
"190","8148cd205fe491f4f681ce79fbed4c8b","Enseignante et médiatrice at L'ATELIER DES JOURS A VENIR","France","872167ffdb46329655221f3c5648b2ae","Promotion Hydrogène 2011-2012","2014",FALSE,FALSE,FALSE,TRUE,TRUE,TRUE,TRUE,TRUE,NA,"Conseil Conjugal et Familial - co formation","Planning Familial Sud Ardèche","Other"
"191","8148cd205fe491f4f681ce79fbed4c8b","Enseignante et médiatrice at L'ATELIER DES JOURS A VENIR","France","872167ffdb46329655221f3c5648b2ae","Promotion Hydrogène 2011-2012","2014",FALSE,FALSE,FALSE,TRUE,TRUE,FALSE,FALSE,FALSE,"en cours","Conseil conjugal et familial","Planning Familial d'Ardèche","Other"
"192","34e317196fdf1c7df53d6f823e9ee675","PhD Student at Genoscope - National Center of Sequencing","France","05e4676a3926912d33fc3b8e98c0a4f4","Promotion Bore 2015-2016","2018",FALSE,TRUE,TRUE,TRUE,TRUE,FALSE,FALSE,FALSE,"Molecular and Cell Biology","PhD in Molecular and Cell Biology","Paris-Saclay University","PhD"
"193","20114d4d9aef7cb4663e787dbced693f","Enzyme Engineering Scientist at DNA Script","France","af3c5d6130c749a47e78cc65dc0c52ed","Promotion Hydrogène 2011-2012","2014",TRUE,TRUE,FALSE,FALSE,FALSE,FALSE,FALSE,FALSE,"Interdisciplinary Approaches in Life Science","Master","Université Paris Descartes","Master"
"194","2aa40c92afd76edeebcc36a223b6a8dd","Chief Scientific Officer at The Serious Gut","France","b2a20e162419e0030558c1e5fde6b24e","Promotion Lithium 2013-2014","2016",FALSE,TRUE,TRUE,TRUE,TRUE,FALSE,FALSE,FALSE,"Droit","Licence","Université Paris 1 Panthéon-Sorbonne","Bachelor"
"195","2aa40c92afd76edeebcc36a223b6a8dd","Chief Scientific Officer at The Serious Gut","France","b2a20e162419e0030558c1e5fde6b24e","Promotion Lithium 2013-2014","2016",TRUE,TRUE,FALSE,FALSE,FALSE,FALSE,FALSE,FALSE,NA,"Master 2 de génétique - Mention TB","Université Paris Diderot","Master"
"196","72330e9b972f596111b38efa1cae98b9","PHD Student at NAVAL GROUP","France","35d09d0b2f5f47f4277e8689c6f8d7fb","Promotion Hélium 2012-2013","2015",FALSE,FALSE,FALSE,FALSE,TRUE,TRUE,TRUE,TRUE,"Deep learning","Thèse de doctorat","ENSTA Bretagne","PhD"
"197","82b54f459092668066d4ea25814328f8","Contrat post-doctoral - Immunité Innée et Leptospires at Institut Pasteur","France","b3989b4aef9b581cfa518e3e3baca12e","Promotion Lithium 2013-2014","2016",FALSE,FALSE,TRUE,TRUE,TRUE,FALSE,FALSE,FALSE,"Microbiologie et immunité innée","Cours d'Immunité Innée et Maladies Infectieuses","Pasteur Institute","Other"
"198","82b54f459092668066d4ea25814328f8","Contrat post-doctoral - Immunité Innée et Leptospires at Institut Pasteur","France","b3989b4aef9b581cfa518e3e3baca12e","Promotion Lithium 2013-2014","2016",TRUE,TRUE,TRUE,TRUE,TRUE,TRUE,FALSE,FALSE,NA,"Cours de Microbiologie Générale, option Microbiologie Fondamentale","Pasteur Institute","Other"
"199","82b54f459092668066d4ea25814328f8","Contrat post-doctoral - Immunité Innée et Leptospires at Institut Pasteur","France","b3989b4aef9b581cfa518e3e3baca12e","Promotion Lithium 2013-2014","2016",TRUE,TRUE,FALSE,FALSE,FALSE,FALSE,FALSE,FALSE,"Parcours M2 de Bactériologie","Master de Biologie Moléculaire et Cellulaire","Université Pierre et Marie Curie (Paris VI)","Master"
"200","9a750e7b3b4398aa96d7816b9343a027","Responsable projets Rhumatologie/Dermatologie at UCB","France","e14648006bdbe2155d623b27b33bb709","Promotion Lithium 2013-2014","2016",FALSE,FALSE,TRUE,TRUE,FALSE,FALSE,FALSE,FALSE,"Management in Biotechnologies and Pharmaceutical Industries","Specialized Master","Grenoble Ecole de Management","Master"
"201","9a750e7b3b4398aa96d7816b9343a027","Responsable projets Rhumatologie/Dermatologie at UCB","France","e14648006bdbe2155d623b27b33bb709","Promotion Lithium 2013-2014","2016",FALSE,TRUE,TRUE,FALSE,FALSE,FALSE,FALSE,FALSE,"Immunotherapies and Bioengineering","Master's degree","Sorbonne Université","Master"
"202","9a750e7b3b4398aa96d7816b9343a027","Responsable projets Rhumatologie/Dermatologie at UCB","France","e14648006bdbe2155d623b27b33bb709","Promotion Lithium 2013-2014","2016",TRUE,FALSE,FALSE,FALSE,FALSE,FALSE,FALSE,FALSE,"Biotherapies and Immunology","Internationnal Master's degree","Université Pierre et Marie Curie","Master"
"203","b57d210f292dd9cadac538b14493b730",NA,"France","4a42b603c21cbe9bfdda105856ea5eba","Promotion Lithium 2013-2014","2016",TRUE,TRUE,FALSE,FALSE,FALSE,FALSE,FALSE,FALSE,"Neuroscience","Master","Université de Strasbourg","Master"
"204","a7133acff210e14ea6a14cc4d8d7b1fa","Animateur scientifique at Icare","France","df0787b2bb40282170c901bb3583293c","Promotion Lithium 2013-2014","2016",TRUE,FALSE,FALSE,FALSE,FALSE,FALSE,FALSE,FALSE,"Mathématiques et informatique","Licence","Université Paris Descartes","Bachelor"
"205","79c7888689afaf0d9f200e5047ee9ad3","Doctorant at Laboratoire Kastler Brossel","France","161fee3453f64e0c86e093551c892f92","Promotion Lithium 2013-2014","2016",TRUE,TRUE,TRUE,FALSE,FALSE,FALSE,FALSE,FALSE,"Sciences physiques et Mathematiques","Double Licence","Sorbonne Universités","Bachelor"
"206","11882e25b5bac0f4312294663019b173","Référente déchets du Pôle Erdre et Cens at Nantes Métropole","France","8172f895f3d9d526384c3fda5f9d631e","Promotion Lithium 2013-2014","2016",FALSE,FALSE,FALSE,TRUE,FALSE,FALSE,FALSE,FALSE,"Déchets, économie circulaire, éco-design, éco-conception","Cours en ligne portant sur l'économie circulaire appliquée au bâtiment, au design et au mobilier","MOOC des Canaux","Other"
"207","11882e25b5bac0f4312294663019b173","Référente déchets du Pôle Erdre et Cens at Nantes Métropole","France","8172f895f3d9d526384c3fda5f9d631e","Promotion Lithium 2013-2014","2016",TRUE,TRUE,FALSE,FALSE,FALSE,FALSE,FALSE,FALSE,NA,"Master 2 Management Environnement des Collectivités et Entreprises","Université Paris Diderot","Master"
"208","11882e25b5bac0f4312294663019b173","Référente déchets du Pôle Erdre et Cens at Nantes Métropole","France","8172f895f3d9d526384c3fda5f9d631e","Promotion Lithium 2013-2014","2016",TRUE,FALSE,FALSE,FALSE,FALSE,FALSE,FALSE,FALSE,NA,"Master 1 Sciences et Génie de l'Environnement, parcours international","Université Paris Diderot","Master"
"209","cbf3cbcd3a0c9832d31208a99c8fc1af","PHD Student at Université de Bordeaux","France","37c1d0f78eccdaf939f44fbaa07e4a77","Promotion Lithium 2013-2014","2016",TRUE,TRUE,FALSE,FALSE,FALSE,FALSE,FALSE,FALSE,"Neuroscience","Bordeaux International Master  of Neuroscience -  NeuroBIM","Université de Bordeaux","Master"
"210","cbf3cbcd3a0c9832d31208a99c8fc1af","PHD Student at Université de Bordeaux","France","37c1d0f78eccdaf939f44fbaa07e4a77","Promotion Lithium 2013-2014","2016",TRUE,TRUE,TRUE,TRUE,TRUE,TRUE,FALSE,FALSE,"Parcours Physiologie et Neurosciences Adaptatives et Cognitives","Licence 3 de Physiologie et Neurosciences","Aix-Marseille Université","Bachelor"
"211","4a59c990c1f3c2d7db2d9436336af658","PhD Student - Laboratory of Physiology and Physiopathology of the Urogenital Tract at IRSET","France","f2aaa2332f1ef8185cb7ff2d7fa9de6a","Promotion Hélium 2012-2013","2015",FALSE,TRUE,TRUE,TRUE,TRUE,TRUE,TRUE,FALSE,"Virology","Doctor of Philosophy - PhD","Université de Rennes I","PhD"
"212","7c3967bd65e54ee4984a406a7bee08a9","PHD Student at Centre de recherche des Cordeliers","France","06ffe075a07f1d28bf54c67bd5b6f16d","Promotion Lithium 2013-2014","2016",TRUE,TRUE,FALSE,FALSE,FALSE,FALSE,FALSE,FALSE,"Immunology","Master IMVI","Université Paris Diderot","Master"
"213","4a59c990c1f3c2d7db2d9436336af658","PhD Student - Laboratory of Physiology and Physiopathology of the Urogenital Tract at IRSET","France","f2aaa2332f1ef8185cb7ff2d7fa9de6a","Promotion Hélium 2012-2013","2015",FALSE,FALSE,TRUE,TRUE,TRUE,TRUE,TRUE,FALSE,"Virology","Doctor of Philosophy - PhD","University of Chinese Academy of Sciences","PhD"
"214","8184cb829b3ac9b8d19ef29707025aa3","Stagiaire Ingénieur pédagogique VR at VirtualiSurg, la réalité virtuelle au service de la formation chirurgicale","France","a446e6d8e48c4175c6c82f8dfcf5ee03","Promotion Lithium 2013-2014","2016",TRUE,TRUE,FALSE,FALSE,FALSE,FALSE,FALSE,FALSE,"EdTech | Simulation en santé | VR","Master EdTech","CRI - Centre de Recherches Interdisciplinaires","Master"
"215","3c21efef7ab9cd226846cc4296f7f75b","Computational biologist at Quantitative Molecular Biological Physics lab at NCBI/NLM/NIH","France","e112b622e3adc09ecc30f91bb919bd18","Promotion Lithium 2013-2014","2016",TRUE,TRUE,FALSE,FALSE,FALSE,FALSE,FALSE,FALSE,"Approche Interdisciplinaire du Vivant","Master 2 (M2)","Centre de recherche interdisciplinaire, Paris Descartes","Master"
"216","e410a13d38cd1df5a80d357a4117d87f","First aid volunteer at Protection Civile Paris Seine","France","df070872d824d673af5e8c6c285d7b95","Promotion Oxygène 2018-2019","2021",TRUE,FALSE,FALSE,FALSE,FALSE,FALSE,FALSE,FALSE,"Animation, Interactive Technology, Video Graphics and Special Effects","Bachelor's degree","LISAA - L'Institut Supérieur des Arts Appliqués","Bachelor"
"217","d72ede6b87a932112f8bd9681c583465","Assistant chef de projet at EFFICIENCE MARKETING","France","76120e5adb8ec6851486e5589dedf963","Promotion Oxygène 2018-2019","2021",TRUE,TRUE,FALSE,FALSE,FALSE,FALSE,FALSE,FALSE,NA,"European Master of Medical Technologies and Healthcare Business","Université franco-allemande Deutsch-Französische Hochschule UFA DFH","Master"
"218","d72ede6b87a932112f8bd9681c583465","Assistant chef de projet at EFFICIENCE MARKETING","France","76120e5adb8ec6851486e5589dedf963","Promotion Oxygène 2018-2019","2021",TRUE,FALSE,FALSE,FALSE,FALSE,FALSE,FALSE,FALSE,NA,"European Master of Medical Technologies and Healthcare Business","HAW Hamburg","Master"
"219","e454b5d128cfe32ae7c23dd8333c70f9","Projet de recherche (M. Sc.) at CHU Sainte-Justine","Canada","f5fbbbb0a26abaf7b343ea5960b0efb2","Promotion Oxygène 2018-2019","2021",TRUE,TRUE,FALSE,FALSE,FALSE,FALSE,FALSE,FALSE,"Clinical ethics","Master in Biomedical Sciences","Université de Montréal","Master"
"220","c49275adba861c06f902a9227027cfb8","Étudiant en master Biologie intégrative et physiologie at Sorbonne Université","France","2bf167d85554def28605c7394d4f639b","Promotion Oxygène 2018-2019","2021",TRUE,TRUE,FALSE,FALSE,FALSE,FALSE,FALSE,FALSE,"Neurosciences","Master BIP","Sorbonne Université","Master"
"221","95bec5a8f9698bf57dd4fa7861c92ea0","Game Master at Immersia Escape Game","France","8f742d53ae5a7e429c0a2609ec2a7d72","Promotion Oxygène 2018-2019","2021",TRUE,TRUE,FALSE,FALSE,FALSE,FALSE,FALSE,FALSE,"Science digital","Master en Science digital","CRI","Master"
"222","d24a33ca813c68bae2198aacad3ec2eb","Stage BIOTEC at BIOTEC biologische Naturverpackungen GmbH & Co","France","47bdc9a6a48219f16d40beeef74bb2da","Promotion Oxygène 2018-2019","2021",TRUE,TRUE,TRUE,FALSE,FALSE,FALSE,FALSE,FALSE,NA,"Diplôme d'ingénieur","Agrocampus Ouest","Master"
"223","7634ad07bb349facf41c8b5df5d0ca0d","Lab immersion at EPFL","France","c74190a7514f963b21c5d89de9b00597","Promotion Oxygène 2018-2019","2021",TRUE,TRUE,FALSE,FALSE,FALSE,FALSE,FALSE,FALSE,"Life Science Engineering","Master","Ecole polytechnique fédérale de Lausanne","Master"
"224","95e278af5dac4d120a68ae2815ded131","Développeur indépendant at -","France","3cc5458c0df968e26075105dfe53deac","Promotion Oxygène 2018-2019","2021",TRUE,FALSE,FALSE,FALSE,FALSE,FALSE,FALSE,FALSE,NA,"Programmation / développeur informatique, général","42","Other"
"225","f15bbb2edb2d258c0d1420c30bc4ec8f","Assistant ingénieur at Sanofi","France","0697a158485e3e292fbe2569f6773c26","Promotion Oxygène 2018-2019","2021",TRUE,TRUE,FALSE,FALSE,FALSE,FALSE,FALSE,FALSE,"Biochimie et biologie moléculaire","Master Science du Vivant","Université PSL","Master"
"226","8184cb829b3ac9b8d19ef29707025aa3","Stagiaire Ingénieur pédagogique VR at VirtualiSurg, la réalité virtuelle au service de la formation chirurgicale","France","a446e6d8e48c4175c6c82f8dfcf5ee03","Promotion Lithium 2013-2014","2016",FALSE,TRUE,TRUE,TRUE,TRUE,TRUE,TRUE,FALSE,NA,"Médecine","Université de Paris","PhD"
"227","f88b46b6a249dda64c5182119a0d37ca","Chargée de missions - Projet Tiers-Lab des Transitions at LICA - Laboratoire d'Intelligence Collective et Artificielle","France","1ae79f103f6c383ac3f4d3210f227951","Promotion Oxygène 2018-2019","2021",TRUE,FALSE,FALSE,FALSE,FALSE,FALSE,FALSE,FALSE,NA,"Échange universitaire","Université de Montréal","Other"
"228","3ce1b3d0d8ade719d6058a7524b4e036","Stage de recherche, Biominéralisation at Institut de Minéralogie, de Physique des Matériaux et de Cosmochimie","France","e0726048a07da9557d94f1645ece0b73","Promotion Oxygène 2018-2019","2021",TRUE,TRUE,TRUE,FALSE,FALSE,FALSE,FALSE,FALSE,"Agronomie","Diplôme d'ingénieur","AgroParisTech - Institut des sciences et industries du vivant et de l'environnement","Master"
"229","b2536f90120efb324ce5ab48363e200a","Stage en foresterie at GIP Ecofor","France","51ba1fbb10b6503efcf474bd2b47a328","Promotion Oxygène 2018-2019","2021",TRUE,TRUE,TRUE,FALSE,FALSE,FALSE,FALSE,FALSE,NA,"Diplôme d'ingénieur","AgroParisTech - Institut des sciences et industries du vivant et de l'environnement","Master"
"230","533fada920bd72aede7a02005805c4f0","Internship at IDMIT, CEA at CEA","France","bbf6d2d1c7398c43b994bbc213542acc","Promotion Oxygène 2018-2019","2021",TRUE,TRUE,FALSE,FALSE,FALSE,FALSE,FALSE,FALSE,"Biodiversité et Environnement","Master","École Pratique des Hautes Études","Master"
"231","e2c9782cd8297abad875a6b122669c76","Intern at Inserm, Environmental Toxicity, Therapeutic Targets, cellular Signaling and Biomarkers","France","243791823454089d6a2046f0564512a7","Promotion Oxygène 2018-2019","2021",TRUE,TRUE,FALSE,FALSE,FALSE,FALSE,FALSE,FALSE,"Toxicologie","Master de Toxicologie","Université de Paris","Master"
"232","42b5ff30ec3c2bdbaf35837c8030fdc6","Stagiaire at Premiers Cris","France","a46410bd27db014c0faec8cd468f7979","Promotion Oxygène 2018-2019","2021",TRUE,FALSE,FALSE,FALSE,FALSE,FALSE,FALSE,FALSE,"sciences cognitives, neurosciences","Dual MSc Brain and Mind Sciences","UCL","Master"
"233","653df688146d02b0d97889fcee37356e","Internship in marine biology at National Museum of Natural History","Germany","a9ce3bb382dbb55c30018ace728b02fe","Promotion Oxygène 2018-2019","2021",TRUE,TRUE,FALSE,FALSE,FALSE,FALSE,FALSE,FALSE,"Marine microbiology","Master of Science","University of Bremen","Master"
"234","58ff8012ef0acdf1353a4c6dbd4b1488","Woofing at WWOOF UK - volunteer on organic farms, smallholdings, crofts, allotments & gardens.","France","1b377708f46309e23b823c74595c13dc","Promotion Oxygène 2018-2019","2021",TRUE,FALSE,FALSE,FALSE,FALSE,FALSE,FALSE,FALSE,NA,"The Biopolis, école d'été d'innovation sociale liée à la biologie","Harvard University","Other"
"235","0e870794e5a416724c8515abee00c7ad","Stage au sein du laboratoire de l'Institut du fer à moulin UMRS 839 en neuroscience. at Inserm","France","a9da29d2f97305fbbc7a2d0f5719d8c3","Promotion Oxygène 2018-2019","2021",TRUE,FALSE,FALSE,FALSE,FALSE,FALSE,FALSE,FALSE,"Diététique / diététicien(ne)","Brevet de technicien supérieur (BTS) diététique","CNED","Other"
"236","0e870794e5a416724c8515abee00c7ad","Stage au sein du laboratoire de l'Institut du fer à moulin UMRS 839 en neuroscience. at Inserm","France","a9da29d2f97305fbbc7a2d0f5719d8c3","Promotion Oxygène 2018-2019","2021",TRUE,FALSE,FALSE,FALSE,FALSE,FALSE,FALSE,FALSE,"Diététique / diététicien(ne)","Brevet de technicien supérieur (BTS)","CNED","Other"
