"","Name","Occupation","Country","URL","promotion","licence_year","year2","year3","year4","year5","year6","year7","year8","Company","Position","Status","Type"
"1","fa8100a38618e8a682ee26c3ba5e0124","Journaliste sant√© ‚Ä¢ Rose Magazine at RoseUp Association","France","3fa962e11fe57072bd84c577c5f822ab","Promotion Hydrog√®ne 2011-2012","2014",TRUE,TRUE,FALSE,FALSE,FALSE,FALSE,FALSE,"(IM)PROVE","Stage ‚Ä¢ Agence d'√©valuation d'impact (IM)PROVE","Private","Student"
"2","3b8563032991689fa1b83141537d7160","Consultant at Center for Public Research and Leadership","United States of America","aa3a63f00a8a85233df9beb7baf6d9c9","Promotion Azote 2017-2018","2020",TRUE,FALSE,FALSE,FALSE,FALSE,FALSE,FALSE,"50 Jeunes Engag√©s pour le Climat","Volunteer","Private","Other"
"3","94369f5f833008a9b93d6e9ae7a6a533","Charg√©e de communication grand public et jeunes at ADEME","France","7e0effdc2fb683901e5ca551a0d90824","Promotion Bore 2015-2016","2018",FALSE,TRUE,TRUE,FALSE,FALSE,FALSE,FALSE,"ADEME","Charg√©e de communication grand public et jeunes","Public","Other"
"4","26d7396df13b6c45b11c392793c54af2","Charg√© de mission Ing√©nierie Process at Agronutris","France","371e4a49fe245cbd34341825ced80fe4","Promotion B√©ryllium 2014-2015","2017",FALSE,TRUE,TRUE,FALSE,FALSE,FALSE,FALSE,"Agriloops","Bras droit CEO - Business D√©veloppement","Private","Board"
"5","26d7396df13b6c45b11c392793c54af2","Charg√© de mission Ing√©nierie Process at Agronutris","France","371e4a49fe245cbd34341825ced80fe4","Promotion B√©ryllium 2014-2015","2017",FALSE,FALSE,FALSE,TRUE,FALSE,FALSE,FALSE,"Agronutris","Charg√© de mission Ing√©nierie Process","Private","Other"
"6","26d7396df13b6c45b11c392793c54af2","Charg√© de mission Ing√©nierie Process at Agronutris","France","371e4a49fe245cbd34341825ced80fe4","Promotion B√©ryllium 2014-2015","2017",TRUE,TRUE,FALSE,FALSE,FALSE,FALSE,FALSE,"AgroParisTech","P√¥le entreprise - BDE AgroParisTech","Public","Other"
"7","c13aac213408f36ec5a33890a173ff18","M1 internship - Bayesian statistical model applied to forest ecology at AgroParisTech - National Institute of Technology for Life, Food and Environmental sciences","France","9f9f63cc8a6df0f34869372c4ec1a83a","Promotion Carbone 2016-2017","2019",TRUE,FALSE,FALSE,FALSE,FALSE,FALSE,FALSE,"AgroParisTech - National Institute of Technology for Life, Food and Environmental sciences","M1 internship - Bayesian statistical model applied to forest ecology","Public","Student"
"8","9a750e7b3b4398aa96d7816b9343a027","Responsable projets Rhumatologie/Dermatologie at UCB","France","e14648006bdbe2155d623b27b33bb709","Promotion Lithium 2013-2014","2016",FALSE,TRUE,FALSE,FALSE,FALSE,FALSE,FALSE,"Alv√©ole","Operational Marketing Assistant","Private","Other"
"9","1bbef62a2e3919215422d781721fe705","ANIA - Responsable communication institutionnelle et m√©diatique at ANIA (Association Nationale des Industries Alimentaires)","France","e8a90ed38b53cc5cc3932514ba1322b8","Promotion H√©lium 2012-2013","2015",FALSE,FALSE,FALSE,TRUE,TRUE,TRUE,FALSE,"ANIA (Association Nationale des Industries Alimentaires)","ANIA - Responsable communication institutionnelle et m√©diatique","Private","Other"
"10","33f2d0e3420c5a77c6599080d781bbcb","Sustainability Senior Consultant at Ansa Services","France","eec0af5251e32cf199faf942fe96d65a","Promotion B√©ryllium 2014-2015","2017",FALSE,FALSE,FALSE,TRUE,FALSE,FALSE,FALSE,"Ansa Services","Sustainability Senior Consultant","Private","Other"
"11","33f2d0e3420c5a77c6599080d781bbcb","Sustainability Senior Consultant at Ansa Services","France","eec0af5251e32cf199faf942fe96d65a","Promotion B√©ryllium 2014-2015","2017",FALSE,FALSE,TRUE,TRUE,FALSE,FALSE,FALSE,"Ansa Services","Sustainability Consultant","Private","Other"
"12","33f2d0e3420c5a77c6599080d781bbcb","Sustainability Senior Consultant at Ansa Services","France","eec0af5251e32cf199faf942fe96d65a","Promotion B√©ryllium 2014-2015","2017",TRUE,TRUE,TRUE,FALSE,FALSE,FALSE,FALSE,"Ansa Services","Sustainability Analyst","Private","Other"
"13","33f2d0e3420c5a77c6599080d781bbcb","Sustainability Senior Consultant at Ansa Services","France","eec0af5251e32cf199faf942fe96d65a","Promotion B√©ryllium 2014-2015","2017",TRUE,FALSE,FALSE,FALSE,FALSE,FALSE,FALSE,"Ansa Services","Intern Consultant in Sustainability Strategy","Private","Other"
"14","70ccd3d34ecabc1eabe711a903c2d58c","Stagiaire at AP-HP, Assistance Publique - H√¥pitaux de Paris","France","c02ddf7d31b659899cc0748a8d1d206e","Promotion Carbone 2016-2017","2019",FALSE,TRUE,FALSE,FALSE,FALSE,FALSE,FALSE,"AP-HP, Assistance Publique - H√¥pitaux de Paris","Stagiaire","Public","Student"
"15","70ccd3d34ecabc1eabe711a903c2d58c","Stagiaire at AP-HP, Assistance Publique - H√¥pitaux de Paris","France","c02ddf7d31b659899cc0748a8d1d206e","Promotion Carbone 2016-2017","2019",TRUE,FALSE,FALSE,FALSE,FALSE,FALSE,FALSE,"AP-HP, Assistance Publique - H√¥pitaux de Paris","Stagiaire","Public","Student"
"16","70ccd3d34ecabc1eabe711a903c2d58c","Stagiaire at AP-HP, Assistance Publique - H√¥pitaux de Paris","France","c02ddf7d31b659899cc0748a8d1d206e","Promotion Carbone 2016-2017","2019",TRUE,FALSE,FALSE,FALSE,FALSE,FALSE,FALSE,"AP-HP, Assistance Publique - H√¥pitaux de Paris","Stagiaire","Public","Student"
"17","e88a7af931ae6b8042473ea412d69608","Research And Development Engineer at ARIA Technologies","France","c466a142e52df129d1cf55bae313a41a","Promotion Bore 2015-2016","2018",FALSE,TRUE,TRUE,FALSE,FALSE,FALSE,FALSE,"ARIA Technologies","Research And Development Engineer","Private","Research"
"18","e88a7af931ae6b8042473ea412d69608","Research And Development Engineer at ARIA Technologies","France","c466a142e52df129d1cf55bae313a41a","Promotion Bore 2015-2016","2018",TRUE,TRUE,FALSE,FALSE,FALSE,FALSE,FALSE,"ARIA Technologies","Research And Development Engineer","Private","Research"
"19","e88a7af931ae6b8042473ea412d69608","Research And Development Engineer at ARIA Technologies","France","c466a142e52df129d1cf55bae313a41a","Promotion Bore 2015-2016","2018",TRUE,FALSE,FALSE,FALSE,FALSE,FALSE,FALSE,"ARIA Technologies","GIS Analyst for Air Quality Modeling","Private","Other"
"20","d580ced4904bdc3226762e485a551dc5","R√©f√©rence Hygi√®ne et S√©curit√© Alimentaire ARPEGE Cook and Style at ARPEGE Cook And Style","France","0dbc21d3c5549a5989189d1d50043bf5","Promotion Hydrog√®ne 2011-2012","2014",FALSE,FALSE,TRUE,TRUE,TRUE,TRUE,TRUE,"ARPEGE Cook And Style","R√©f√©rence Hygi√®ne et S√©curit√© Alimentaire ARPEGE Cook and Style","Private","Other"
"21","d580ced4904bdc3226762e485a551dc5","R√©f√©rence Hygi√®ne et S√©curit√© Alimentaire ARPEGE Cook and Style at ARPEGE Cook And Style","France","0dbc21d3c5549a5989189d1d50043bf5","Promotion Hydrog√®ne 2011-2012","2014",FALSE,TRUE,TRUE,FALSE,FALSE,FALSE,FALSE,"ARPEGE Cook And Style","Assistante hygi√®ne et s√©curit√© alimentaire ARPEGE Cook and Style","Private","Other"
"22","36e61a7ce591ed253a2ec337cb344532","Civic service at AILERONS association - Fin indicator at Association AILERONS","France","a00fc52c63902481b1b66eb1df874028","Promotion Carbone 2016-2017","2019",FALSE,TRUE,FALSE,FALSE,FALSE,FALSE,FALSE,"Association AILERONS","Civic service at AILERONS association - Fin indicator","Public","Other"
"23","59938c3e874a32dea68c55c70972105c","M√©diateur scientifique at OCEANOPOLIS","France","c36547082dcda702ff7771e94334592e","Promotion Hydrog√®ne 2011-2012","2014",TRUE,FALSE,FALSE,FALSE,FALSE,FALSE,FALSE,"Association Frateli","Assistant de recherche action en p√©dagogie active.","Private","Research"
"24","8148cd205fe491f4f681ce79fbed4c8b","Enseignante et m√©diatrice at L'ATELIER DES JOURS A VENIR","France","872167ffdb46329655221f3c5648b2ae","Promotion Hydrog√®ne 2011-2012","2014",TRUE,TRUE,FALSE,FALSE,FALSE,FALSE,FALSE,"Association Valence Atelier Libre","Service Civique","Public","Other"
"25","2e67442ad40aa176d6a6ff74e2c6e5d8","Charg√© de d√©veloppement commercial at AXA Climate","France","7aa6f12c993eeaca1c242f0045f5fd42","Promotion Carbone 2016-2017","2019",TRUE,TRUE,FALSE,FALSE,FALSE,FALSE,FALSE,"AXA Climate","Charg√© de d√©veloppement commercial","Private","Other"
"26","4bcb3e211faafb6e8a15f19f26dd633f","Recruitment Consultant at Back Market","France","796250670c4f826a2f625dd66e3f42b7","Promotion Bore 2015-2016","2018",FALSE,TRUE,TRUE,FALSE,FALSE,FALSE,FALSE,"Back Market","Recruitment Consultant","Private","Other"
"27","41bdadf8515304c2428571f2baa20eec","Journaliste pigiste : sciences, sant√© at Bayard","France","bacf1b7666efb22ad9fc62474675c3d0","Promotion H√©lium 2012-2013","2015",FALSE,FALSE,FALSE,FALSE,TRUE,FALSE,FALSE,"Bayard","Journaliste web : sant√©, culture","Private","Other"
"28","41bdadf8515304c2428571f2baa20eec","Journaliste pigiste : sciences, sant√© at Bayard","France","bacf1b7666efb22ad9fc62474675c3d0","Promotion H√©lium 2012-2013","2015",FALSE,FALSE,FALSE,FALSE,TRUE,TRUE,FALSE,"Bayard","Journaliste pigiste : sciences, sant√©","Private","Other"
"29","41bdadf8515304c2428571f2baa20eec","Journaliste pigiste : sciences, sant√© at Bayard","France","bacf1b7666efb22ad9fc62474675c3d0","Promotion H√©lium 2012-2013","2015",FALSE,FALSE,FALSE,TRUE,TRUE,FALSE,FALSE,"Bayard","Journaliste print : sciences, sant√©, soci√©t√©","Private","Other"
"30","143ded98abd29a952eda872483253af4","PHD Student at Centre national de la recherche scientifique","France","8017d8111c76acd13de466c7299299f0","Promotion Bore 2015-2016","2018",TRUE,FALSE,FALSE,FALSE,FALSE,FALSE,FALSE,"BDE - ENSTA ParisTech","Alumni Coordinator","Public","Other"
"31","dbf4be8a28e0d60c55d0dd44103763ea","Assistant chef de projet milieux humides et aquatiques continentaux at Biotope","France","e7d062183368e3ec692b504990295b5d","Promotion Carbone 2016-2017","2019",FALSE,TRUE,FALSE,FALSE,FALSE,FALSE,FALSE,"Biotope","Assistant chef de projet milieux humides et aquatiques continentaux","Private","Other"
"32","41bdadf8515304c2428571f2baa20eec","Journaliste pigiste : sciences, sant√© at Bayard","France","bacf1b7666efb22ad9fc62474675c3d0","Promotion H√©lium 2012-2013","2015",FALSE,FALSE,TRUE,FALSE,FALSE,FALSE,FALSE,"Bridges","Assistante de production et Assistante √©ditoriale (web-s√©rie pour Arte.tv)","Public","Other"
"33","e006142a14f9b2b5847267794a895366","PHD Candidate at Cambridge University Department of Chemical Engineering and Biotechnology","France","32beb5922df545c447b033aa18e9dcdd","Promotion B√©ryllium 2014-2015","2017",FALSE,FALSE,TRUE,TRUE,FALSE,FALSE,FALSE,"Cambridge University Department of Chemical Engineering and Biotechnology","PHD Candidate","Public","Student"
"34","fa8100a38618e8a682ee26c3ba5e0124","Journaliste sant√© ‚Ä¢ Rose Magazine at RoseUp Association","France","3fa962e11fe57072bd84c577c5f822ab","Promotion Hydrog√®ne 2011-2012","2014",FALSE,FALSE,FALSE,TRUE,TRUE,FALSE,FALSE,"Cancer Pride","B√©n√©vole ‚Ä¢ Cancer Pride","Private","Other"
"35","34e317196fdf1c7df53d6f823e9ee675","PhD Student at Genoscope - National Center of Sequencing","France","05e4676a3926912d33fc3b8e98c0a4f4","Promotion Bore 2015-2016","2018",TRUE,TRUE,TRUE,FALSE,FALSE,FALSE,FALSE,"CEA - French Alternatives Energies and Atomic Energy Commission","PhD Student","Public","Research"
"36","3b8563032991689fa1b83141537d7160","Consultant at Center for Public Research and Leadership","United States of America","aa3a63f00a8a85233df9beb7baf6d9c9","Promotion Azote 2017-2018","2020",TRUE,FALSE,FALSE,FALSE,FALSE,FALSE,FALSE,"Center for Public Research and Leadership","Consultant","Public","Other"
"37","0e2525647a9683a863c84e6d95c65a27","√âtudiante doctorante at Institut Pasteur","France","f2ff30953dca87eb41cd34202a8bd17d","Promotion B√©ryllium 2014-2015","2017",TRUE,FALSE,FALSE,FALSE,FALSE,FALSE,FALSE,"Centre de Bioinformatique, Biostatistique et Biologie Int√©grative (USR 3756)","Phylogenie des buffles et assemblage du genome de l'anoa","Public","Research"
"38","7c3967bd65e54ee4984a406a7bee08a9","PHD Student at Centre de recherche des Cordeliers","France","06ffe075a07f1d28bf54c67bd5b6f16d","Promotion Lithium 2013-2014","2016",TRUE,TRUE,TRUE,TRUE,TRUE,FALSE,FALSE,"Centre de recherche des Cordeliers","PHD Student","Public","Student"
"39","df760ca2855f44142f5aa5d7699bb13a","Ing√©nieur at Institut de G√©n√©tique Humaine","France","6b4b27b4dd1d8cd0c4632065f8e935ef","Promotion Hydrog√®ne 2011-2012","2014",TRUE,TRUE,FALSE,FALSE,FALSE,FALSE,FALSE,"Centre de Recherche Interdisciplinaire, Facult√© de M√©decine, Paris Descartes","Assistante de laboratoire","Public","Other"
"40","a6a9b4f1f6cfb85030d9dd617bcb886c",NA,"france","07404d284a5c4d2d84aa09f6856c0916","Promotion B√©ryllium 2015-2016","2018",TRUE,TRUE,TRUE,FALSE,FALSE,FALSE,FALSE,"centre de recherches interdisciplinaires - center for research and interdisciplinarity (cri paris)","student","Public","Student"
"41","c5146975713f6cd4aa6d3faf1efe04ad","student at Centre de Recherches Interdisciplinaires - Center for Research and Interdisciplinarity (CRI Paris)","France","a82e733c5c16fbafc5cb5a48d67ed0af","Promotion Carbone 2016-2017","2019",TRUE,TRUE,FALSE,FALSE,FALSE,FALSE,FALSE,"Centre de Recherches Interdisciplinaires - Center for Research and Interdisciplinarity (CRI Paris)","student","Public","Student"
"42","4360e0698ecc034deb32093633acec9e","Doctoral Researcher at Max-Planck-Institute for Evolutionary Anthropology","Germany","8872e57594b61827a24f87c88222ab11","Promotion Hydrog√®ne 2011-2012","2014",TRUE,FALSE,FALSE,FALSE,FALSE,FALSE,FALSE,"Centre for Genomic Regulation (CRG)","Graduate Research Assistant","Public","Research"
"43","143ded98abd29a952eda872483253af4","PHD Student at Centre national de la recherche scientifique","France","8017d8111c76acd13de466c7299299f0","Promotion Bore 2015-2016","2018",FALSE,TRUE,TRUE,FALSE,FALSE,FALSE,FALSE,"Centre national de la recherche scientifique","PHD Student","Public","Student"
"44","59938c3e874a32dea68c55c70972105c","M√©diateur scientifique at OCEANOPOLIS","France","c36547082dcda702ff7771e94334592e","Promotion Hydrog√®ne 2011-2012","2014",FALSE,FALSE,TRUE,FALSE,FALSE,FALSE,FALSE,"Centro de investigaciones biologicas del Noroeste","Internship in aquaculture","Public","Student"
"45","e502098c417584d8e4e56f7b7322c8bc","Charg√©e de mission at Cercle FSER","France","e05d885cb159a8aa97b618ee81a142c5","Promotion Azote 2017-2018","2020",TRUE,FALSE,FALSE,FALSE,FALSE,FALSE,FALSE,"Cercle FSER","Charg√©e de mission","Public","Other"
"46","a9240fad37c5b24f86528cb7a777af7d","Research trainee in immunology at CIML","France","e06c40c2198a7590a251ab3472f1298b","Promotion Azote 2017-2018","2020",TRUE,FALSE,FALSE,FALSE,FALSE,FALSE,FALSE,"CIML","Research trainee in immunology","Public","Student"
"47","5df832c32ed54cd2d39d3148e4e12e35","Croupier 1√®re Cat√©gorie at CIRCUS CLUB PARIS","France","51b17b8c7d479af5d3550151e0a13f62","Promotion Bore 2015-2016","2018",TRUE,TRUE,TRUE,FALSE,FALSE,FALSE,FALSE,"CIRCUS CLUB PARIS","Croupier 1√®re Cat√©gorie","Private","Other"
"48","16f90237093a043332d99e1460489551","Charg√© de communication √©ditoriale et soutien aux juridictions administratives at Conseil d'√âtat","France","54586486e5d6b69d297970652c9aa4b7","Promotion Bore 2015-2016","2018",TRUE,FALSE,FALSE,FALSE,FALSE,FALSE,FALSE,"Citizen Press","In charge of edition üñã","Private","Other"
"49","7295c9cb99721a4b93e053db8a6d562c","Alternant communication audiovisuelle at CNES","France","ace85c0416af279583a749cfc1c3fb6e","Promotion Azote 2017-2018","2020",TRUE,FALSE,FALSE,FALSE,FALSE,FALSE,FALSE,"CNES","Alternant communication audiovisuelle","Public","Student"
"50","feb5c4ba7bdc0267244f037909e49d05","√âtudiant doctorant at CNRS - Centre national de la recherche scientifique","France","b3a93d670d431960438574ba61a176f5","Promotion B√©ryllium 2014-2015","2017",FALSE,TRUE,TRUE,TRUE,FALSE,FALSE,FALSE,"CNRS - Centre national de la recherche scientifique","√âtudiant doctorant","Public","Student"
"51","d9e04d5b0e3418c1b3ad60e0bcda8271","Stagiaire √† l'IBPC - Equipe de St√©phane Lemaire at CNRS - Centre national de la recherche scientifique","France","75176daa06afe72951b04f8a1784c13a","Promotion Bore 2015-2016","2018",TRUE,FALSE,FALSE,FALSE,FALSE,FALSE,FALSE,"CNRS - Centre national de la recherche scientifique","Stagiaire √† l'IBPC - Equipe de St√©phane Lemaire","Public","Student"
"52","df760ca2855f44142f5aa5d7699bb13a","Ing√©nieur at Institut de G√©n√©tique Humaine","France","6b4b27b4dd1d8cd0c4632065f8e935ef","Promotion Hydrog√®ne 2011-2012","2014",FALSE,TRUE,TRUE,TRUE,TRUE,TRUE,FALSE,"CNRS - Centre national de la recherche scientifique","Etudiante en Th√®se","Public","Student"
"53","df760ca2855f44142f5aa5d7699bb13a","Ing√©nieur at Institut de G√©n√©tique Humaine","France","6b4b27b4dd1d8cd0c4632065f8e935ef","Promotion Hydrog√®ne 2011-2012","2014",FALSE,TRUE,FALSE,FALSE,FALSE,FALSE,FALSE,"CNRS - Centre national de la recherche scientifique","Ing√©nieure en biologie","Public","Other"
"54","df760ca2855f44142f5aa5d7699bb13a","Ing√©nieur at Institut de G√©n√©tique Humaine","France","6b4b27b4dd1d8cd0c4632065f8e935ef","Promotion Hydrog√®ne 2011-2012","2014",TRUE,FALSE,FALSE,FALSE,FALSE,FALSE,FALSE,"CNRS - Centre national de la recherche scientifique","Stagiaire de Master","Public","Student"
"55","eb2b3c4d43f0787c433f1cbdab345885","Internship at Coactis Sante at Coactis Sante","France","55dfabfa5819a76819cc9190cf9bb638","Promotion Azote 2017-2018","2020",TRUE,FALSE,FALSE,FALSE,FALSE,FALSE,FALSE,"Coactis Sante","Internship at Coactis Sante","Private","Student"
"56","fa8100a38618e8a682ee26c3ba5e0124","Journaliste sant√© ‚Ä¢ Rose Magazine at RoseUp Association","France","3fa962e11fe57072bd84c577c5f822ab","Promotion Hydrog√®ne 2011-2012","2014",FALSE,FALSE,FALSE,TRUE,TRUE,TRUE,TRUE,"COACTIS SANTE","Charg√©e de communication digitale ‚Ä¢ Association CoActis Sant√©","Private","Other"
"57","fa8100a38618e8a682ee26c3ba5e0124","Journaliste sant√© ‚Ä¢ Rose Magazine at RoseUp Association","France","3fa962e11fe57072bd84c577c5f822ab","Promotion Hydrog√®ne 2011-2012","2014",FALSE,TRUE,FALSE,FALSE,FALSE,FALSE,FALSE,"Coexister","B√©n√©vole ‚Ä¢ Association Coexister","Private","Other"
"58","fa8100a38618e8a682ee26c3ba5e0124","Journaliste sant√© ‚Ä¢ Rose Magazine at RoseUp Association","France","3fa962e11fe57072bd84c577c5f822ab","Promotion Hydrog√®ne 2011-2012","2014",TRUE,TRUE,FALSE,FALSE,FALSE,FALSE,FALSE,"Coexister","Volontaire en Service Civique ‚Ä¢ Association Coexister","Public","Other"
"59","490b2b34dfb2d722ed2b36396dae7449","Co founder at CognitiveDesign","France","72fa6676b19d788c22ee14d4937dd94b","Promotion H√©lium 2012-2013","2015",TRUE,TRUE,TRUE,TRUE,TRUE,TRUE,FALSE,"CognitiveDesign","Co founder","Private","Entrepreneurship"
"60","475d75132f2010c708185db8937fa4fb","PhD student at The Francis Crick Institute","United Kingdom","a2252becdf74dc987de2ff5aae5202b5","Promotion H√©lium 2012-2013","2015",TRUE,FALSE,FALSE,FALSE,FALSE,FALSE,FALSE,"Coll√®ge de France","Visiting Scientist - Genome Organisation and Dynamics laboratory","Public","Research"
"61","20114d4d9aef7cb4663e787dbced693f","Enzyme Engineering Scientist at DNA Script","France","af3c5d6130c749a47e78cc65dc0c52ed","Promotion Hydrog√®ne 2011-2012","2014",TRUE,TRUE,TRUE,TRUE,FALSE,FALSE,FALSE,"Coll√®ge de France, ESPCI Paris","PhD Applied life sciences, biotechnology and engineering of molecular biosystems","Public","Student"
"62","16f90237093a043332d99e1460489551","Charg√© de communication √©ditoriale et soutien aux juridictions administratives at Conseil d'√âtat","France","54586486e5d6b69d297970652c9aa4b7","Promotion Bore 2015-2016","2018",FALSE,FALSE,TRUE,FALSE,FALSE,FALSE,FALSE,"Conseil d'√âtat","Charg√© de communication √©ditoriale et soutien aux juridictions administratives","Public","Other"
"63","fd771315a92d236f44b3b8b6476ea268","Inventory survey of wetlands of the Sioule watershed at Conseil d√©partemental de la Charente Maritime","France","fbb4749bf3851a93015b9a6ff0dc5d35","Promotion B√©ryllium 2014-2015","2017",FALSE,FALSE,TRUE,TRUE,FALSE,FALSE,FALSE,"Conseil d√©partemental de la Charente Maritime","Inventory survey of wetlands of the Sioule watershed","Public","Other"
"64","5eaac0170eb5eabe5a080a50d8d4651a","Junior consultant at ConsultantSeas","France","4310e93f06324441dfd0b2321a123d37","Promotion Azote 2017-2018","2020",TRUE,FALSE,FALSE,FALSE,FALSE,FALSE,FALSE,"ConsultantSeas","Junior consultant","Private","Other"
"65","809584f3cb9ac4004e3e445544331277","Ing√©nieur at CRI","France","13c4ed2acb01365fe28aec1a89335507","Promotion B√©ryllium 2014-2015","2017",FALSE,TRUE,TRUE,TRUE,FALSE,FALSE,FALSE,"CRI","Ing√©nieur","Public","Other"
"66","e04ed46780afafc7d2ecdce1ac15a1f1","Assistant chef de projet at Handiconnect","France","4511a4b54d1690497c21cb97db396369","Promotion Bore 2015-2016","2018",TRUE,FALSE,FALSE,FALSE,FALSE,FALSE,FALSE,"CRI","Enseignant r√©p√©titeur","Public","Other"
"67","e53f9a480b67482bc6df5a66ed7a452b","Computer Science Teacher at Tech & Code Factory","France","d8a8e356d42d3ffd6ff83cfcf95e527e","Promotion Carbone 2016-2017","2019",TRUE,TRUE,FALSE,FALSE,FALSE,FALSE,FALSE,"CRI","Computer Science Teacher","Public","Other"
"68","8ce0a449d85cc40b838271b470b4c70e","Co-fondatrice at Premiers Cris","France","ea0fead91d964041e0e9b7510c5aff61","Promotion Hydrog√®ne 2011-2012","2014",TRUE,TRUE,TRUE,TRUE,FALSE,FALSE,FALSE,"CRI","√âtudiante-chercheuse (doctorat)","Public","Student"
"69","82b54f459092668066d4ea25814328f8","Contrat post-doctoral - Immunit√© Inn√©e et Leptospires at Institut Pasteur","France","b3989b4aef9b581cfa518e3e3baca12e","Promotion Lithium 2013-2014","2016",TRUE,TRUE,TRUE,TRUE,TRUE,FALSE,FALSE,"CRI","Enseignement en Biologie Mol√©culaire et Cellulaire (monitorat)","Public","Other"
"70","11882e25b5bac0f4312294663019b173","R√©f√©rente d√©chets du P√¥le Erdre et Cens at Nantes M√©tropole","France","8172f895f3d9d526384c3fda5f9d631e","Promotion Lithium 2013-2014","2016",FALSE,TRUE,FALSE,FALSE,FALSE,FALSE,FALSE,"CRI","Tutrice lors d'un Aquathon (s√©minaire scientifique)","Public","Other"
"71","eb2b3c4d43f0787c433f1cbdab345885","Internship at Coactis Sante at Coactis Sante","France","55dfabfa5819a76819cc9190cf9bb638","Promotion Azote 2017-2018","2020",TRUE,FALSE,FALSE,FALSE,FALSE,FALSE,FALSE,"CRI - Centre de Recherches Interdisciplinaires","√âtudiant","Public","Student"
"72","4360e0698ecc034deb32093633acec9e","Doctoral Researcher at Max-Planck-Institute for Evolutionary Anthropology","Germany","8872e57594b61827a24f87c88222ab11","Promotion Hydrog√®ne 2011-2012","2014",FALSE,TRUE,TRUE,FALSE,FALSE,FALSE,FALSE,"CRI - Centre de Recherches Interdisciplinaires","Lab Technician","Public","Other"
"73","a7133acff210e14ea6a14cc4d8d7b1fa","Animateur scientifique at Icare","France","df0787b2bb40282170c901bb3583293c","Promotion Lithium 2013-2014","2016",TRUE,FALSE,FALSE,FALSE,FALSE,FALSE,FALSE,"CRI - Centre de Recherches Interdisciplinaires","Graphiste","Public","Other"
"74","a3f7e23ed17b2dff3fded8a593c667c9","Ing√©nieur d‚Äô√©tudes en Bio-informatique at CRSA PARIS","France","74f083d269d91bc7f5b2579c398e503c","Promotion B√©ryllium 2014-2015","2017",FALSE,TRUE,TRUE,TRUE,FALSE,FALSE,FALSE,"CRSA PARIS","Ing√©nieur d‚Äô√©tudes en Bio-informatique","Public","Other"
"75","416edaf761c57a3a92c7eb24c3329743","Charg√©e de mission d√©veloppement durable et transition √©cologique at D√©partement de la Vend√©e","France","57152973e861c75f7b5341990e88822a","Promotion Carbone 2016-2017","2019",TRUE,TRUE,FALSE,FALSE,FALSE,FALSE,FALSE,"D√©partement de la Vend√©e","Charg√©e de mission d√©veloppement durable et transition √©cologique","Public","Other"
"76","11882e25b5bac0f4312294663019b173","R√©f√©rente d√©chets du P√¥le Erdre et Cens at Nantes M√©tropole","France","8172f895f3d9d526384c3fda5f9d631e","Promotion Lithium 2013-2014","2016",TRUE,TRUE,FALSE,FALSE,FALSE,FALSE,FALSE,"Department of Conservation (DOC)","Volontariats en conservation de la nature","Public","Other"
"77","fa8100a38618e8a682ee26c3ba5e0124","Journaliste sant√© ‚Ä¢ Rose Magazine at RoseUp Association","France","3fa962e11fe57072bd84c577c5f822ab","Promotion Hydrog√®ne 2011-2012","2014",FALSE,FALSE,TRUE,TRUE,TRUE,TRUE,TRUE,"Deuxiemeavis.fr","R√©dactrice sant√© ‚Ä¢ deuxiemeavis.fr","Private","Other"
"78","20114d4d9aef7cb4663e787dbced693f","Enzyme Engineering Scientist at DNA Script","France","af3c5d6130c749a47e78cc65dc0c52ed","Promotion Hydrog√®ne 2011-2012","2014",FALSE,FALSE,FALSE,FALSE,FALSE,TRUE,TRUE,"DNA Script","Enzyme Engineering Scientist","Private","Research"
"79","26d7396df13b6c45b11c392793c54af2","Charg√© de mission Ing√©nierie Process at Agronutris","France","371e4a49fe245cbd34341825ced80fe4","Promotion B√©ryllium 2014-2015","2017",TRUE,TRUE,FALSE,FALSE,FALSE,FALSE,FALSE,"EARL Le Palais du Petit ch√®vre","Stagiaire en exploitation agricole","Private","Student"
"80","11882e25b5bac0f4312294663019b173","R√©f√©rente d√©chets du P√¥le Erdre et Cens at Nantes M√©tropole","France","8172f895f3d9d526384c3fda5f9d631e","Promotion Lithium 2013-2014","2016",FALSE,TRUE,TRUE,FALSE,FALSE,FALSE,FALSE,"Ecogeos","Ing√©nieure d'√©tudes","Private","Other"
"81","475d75132f2010c708185db8937fa4fb","PhD student at The Francis Crick Institute","United Kingdom","a2252becdf74dc987de2ff5aae5202b5","Promotion H√©lium 2012-2013","2015",TRUE,FALSE,FALSE,FALSE,FALSE,FALSE,FALSE,"√âcole normale sup√©rieure","Visiting Scientist - Statistical Biology laboratory","Public","Research"
"82","95dcb67fb5d78d0c099249d553343451","Research Associate at King's College London","United Kingdom","06282301e79f59b050aebd6f06da8003","Promotion Hydrog√®ne 2011-2012","2014",FALSE,FALSE,FALSE,FALSE,TRUE,TRUE,FALSE,"√âcole normale sup√©rieure","Postdoctoral Fellow","Public","Research"
"83","95dcb67fb5d78d0c099249d553343451","Research Associate at King's College London","United Kingdom","06282301e79f59b050aebd6f06da8003","Promotion Hydrog√®ne 2011-2012","2014",TRUE,TRUE,TRUE,TRUE,TRUE,FALSE,FALSE,"√âcole normale sup√©rieure","PhD Student in Developmental Neuroscience","Public","Student"
"84","2d65463c429bffab4f98d166411e7a89","√âtudiante at √âcole normale sup√©rieure Paris-Saclay","France","dfe1e77ea3be4ceeffac3682c407a6aa","Promotion Azote 2017-2018","2020",TRUE,FALSE,FALSE,FALSE,FALSE,FALSE,FALSE,"√âcole normale sup√©rieure Paris-Saclay","√âtudiante","Public","Student"
"85","41bdadf8515304c2428571f2baa20eec","Journaliste pigiste : sciences, sant√© at Bayard","France","bacf1b7666efb22ad9fc62474675c3d0","Promotion H√©lium 2012-2013","2015",FALSE,TRUE,FALSE,FALSE,FALSE,FALSE,FALSE,"√âcole normale sup√©rieure Ulm","Master internship : Spatial ability, from a video game to the real world - cognitive neuroscience","Public","Student"
"86","143ded98abd29a952eda872483253af4","PHD Student at Centre national de la recherche scientifique","France","8017d8111c76acd13de466c7299299f0","Promotion Bore 2015-2016","2018",FALSE,TRUE,FALSE,FALSE,FALSE,FALSE,FALSE,"√âcole Polytechnique","Research Intern","Public","Student"
"87","31ed6b31e1c4f52c50fb90786771c109","Co-Founder part of the IMB start-up program at IBM","France","9c6d5e6b51f84261af6151cf7a1822ec","Promotion B√©ryllium 2014-2015","2017",TRUE,FALSE,FALSE,FALSE,FALSE,FALSE,FALSE,"√âcole polytechnique f√©d√©rale de Lausanne","Solar Panel Research  - Intern","Public","Student"
"88","d580ced4904bdc3226762e485a551dc5","R√©f√©rence Hygi√®ne et S√©curit√© Alimentaire ARPEGE Cook and Style at ARPEGE Cook And Style","France","0dbc21d3c5549a5989189d1d50043bf5","Promotion Hydrog√®ne 2011-2012","2014",TRUE,TRUE,FALSE,FALSE,FALSE,FALSE,FALSE,"Elior France","Hygi√©niste","Private","Other"
"89","d580ced4904bdc3226762e485a551dc5","R√©f√©rence Hygi√®ne et S√©curit√© Alimentaire ARPEGE Cook and Style at ARPEGE Cook And Style","France","0dbc21d3c5549a5989189d1d50043bf5","Promotion Hydrog√®ne 2011-2012","2014",TRUE,FALSE,FALSE,FALSE,FALSE,FALSE,FALSE,"Elior France","Stagiaire Hygi√®ne et Qualit√© - Division Sant√©","Private","Student"
"90","fa8100a38618e8a682ee26c3ba5e0124","Journaliste sant√© ‚Ä¢ Rose Magazine at RoseUp Association","France","3fa962e11fe57072bd84c577c5f822ab","Promotion Hydrog√®ne 2011-2012","2014",FALSE,TRUE,TRUE,FALSE,FALSE,FALSE,FALSE,"ENGAGE - Lead Positive Change","Charg√©e de projet ‚Ä¢ Engage University","Private","Other"
"91","31ed6b31e1c4f52c50fb90786771c109","Co-Founder part of the IMB start-up program at IBM","France","9c6d5e6b51f84261af6151cf7a1822ec","Promotion B√©ryllium 2014-2015","2017",FALSE,FALSE,TRUE,FALSE,FALSE,FALSE,FALSE,"Entrepreneur First","Founder In Residence (EF PA 7 )","Private","Entrepreneurship"
"92","11882e25b5bac0f4312294663019b173","R√©f√©rente d√©chets du P√¥le Erdre et Cens at Nantes M√©tropole","France","8172f895f3d9d526384c3fda5f9d631e","Promotion Lithium 2013-2014","2016",FALSE,FALSE,FALSE,TRUE,FALSE,FALSE,FALSE,"Environnement & Solutions","Charg√©e d'√©tudes","Private","Other"
"93","89813357a06b98cd8754eacef36ef26f","Research engineer at ENVT","France","e00ba1267d2791a3484b4b3c619233a6","Promotion Lithium 2013-2014","2016",FALSE,TRUE,TRUE,TRUE,TRUE,FALSE,FALSE,"ENVT","Research engineer","Public","Research"
"94","e53f9a480b67482bc6df5a66ed7a452b","Computer Science Teacher at Tech & Code Factory","France","d8a8e356d42d3ffd6ff83cfcf95e527e","Promotion Carbone 2016-2017","2019",TRUE,FALSE,FALSE,FALSE,FALSE,FALSE,FALSE,"EPhiScience","Apprenticeship for Digital Development","Private","Student"
"95","f588bc52aa50f807b997c3f9b206d05d","Charg√©e de suivi de population des tortues marines at Escale","France","d78a7cdf2f87a2777eb588bfbdd3b5e8","Promotion Lithium 2013-2014","2016",FALSE,TRUE,TRUE,TRUE,TRUE,FALSE,FALSE,"Escale","Charg√©e de suivi de population des tortues marines","Private","Other"
"96","c55574484f6f74a39f634c3a6f294a77","EU Affairs Officer at European Bureau for Conservation and Development","Belgium","87bbc6a2154adfd3b54edcbff59a882c","Promotion B√©ryllium 2014-2015","2017",FALSE,TRUE,TRUE,TRUE,FALSE,FALSE,FALSE,"European Bureau for Conservation and Development","EU Affairs Officer","Public","Other"
"97","11882e25b5bac0f4312294663019b173","R√©f√©rente d√©chets du P√¥le Erdre et Cens at Nantes M√©tropole","France","8172f895f3d9d526384c3fda5f9d631e","Promotion Lithium 2013-2014","2016",TRUE,TRUE,FALSE,FALSE,FALSE,FALSE,FALSE,"Exp√©rience personnelle","Voyage, woofings et travail en Nouvelle Z√©lande","Private","Other"
"98","51f81c54f54a01f45131561b3c30047d","Associate Consultant Intern at EY-Parthenon","France","4921961f8065056daaa7e7df5b15104e","Promotion Azote 2017-2018","2020",TRUE,FALSE,FALSE,FALSE,FALSE,FALSE,FALSE,"EY-Parthenon","Associate Consultant Intern","Private","Student"
"99","76f54bfa8052539f5a8f1985d8d696db","Gardiennage d'animaux at Familles","France","96f8645c61ed0b115b5bd30490d8298f","Promotion Carbone 2016-2017","2019",TRUE,TRUE,FALSE,FALSE,FALSE,FALSE,FALSE,"Familles","Gardiennage d'animaux","Private","Other"
"100","76f54bfa8052539f5a8f1985d8d696db","Gardiennage d'animaux at Familles","France","96f8645c61ed0b115b5bd30490d8298f","Promotion Carbone 2016-2017","2019",TRUE,TRUE,FALSE,FALSE,FALSE,FALSE,FALSE,"Familles","Babysitter","Private","Other"
"101","f8014d110dbc710d2fe411decbd57642","Conseiller agro√©quipement et agro√©cologie at F√©d√©ration d√©partementale des Cuma Landes B√©arn Pays Basque","France","0ba2139dea36d08dca34d4aa6cd707c4","Promotion B√©ryllium 2014-2015","2017",FALSE,TRUE,TRUE,TRUE,FALSE,FALSE,FALSE,"F√©d√©ration d√©partementale des Cuma Landes B√©arn Pays Basque","Conseiller agro√©quipement et agro√©cologie","Public","Other"
"102","0c8c53790d60ab63100caa7f81ddf9b6","Conseill√®re Carri√®re pour l'√©volution professionnelle des scientifiques at Institut Pasteur","France","ab9098719d48172a352756de03855b02","Promotion Hydrog√®ne 2011-2012","2014",FALSE,FALSE,FALSE,FALSE,TRUE,TRUE,TRUE,"FI Group","R√©dactrice scientifique","Private","Other"
"103","fa8100a38618e8a682ee26c3ba5e0124","Journaliste sant√© ‚Ä¢ Rose Magazine at RoseUp Association","France","3fa962e11fe57072bd84c577c5f822ab","Promotion Hydrog√®ne 2011-2012","2014",FALSE,FALSE,TRUE,TRUE,FALSE,FALSE,FALSE,"FONCER CONTRE LE CANCER","R√©dactrice sant√© ‚Ä¢ FONCER contre le cancer","Public","Other"
"104","41bdadf8515304c2428571f2baa20eec","Journaliste pigiste : sciences, sant√© at Bayard","France","bacf1b7666efb22ad9fc62474675c3d0","Promotion H√©lium 2012-2013","2015",FALSE,TRUE,TRUE,FALSE,FALSE,FALSE,FALSE,"Fondation La main √† la p√¢te","Assistante √† la cr√©ation p√©dagogique et num√©rique","Public","Other"
"105","67af1831de65104374b77b9a597f4671","Stagiaire UX/ Product Owner at Tyllt","France","2bd659581e6efed3841e38a43d698cac","Promotion H√©lium 2012-2013","2015",TRUE,FALSE,FALSE,FALSE,FALSE,FALSE,FALSE,"Fondation Ophtalmologique Adolphe de Rothschild","Ing√©nieur","Public","Other"
"106","67af1831de65104374b77b9a597f4671","Stagiaire UX/ Product Owner at Tyllt","France","2bd659581e6efed3841e38a43d698cac","Promotion H√©lium 2012-2013","2015",TRUE,FALSE,FALSE,FALSE,FALSE,FALSE,FALSE,"Fondation Ophtalmologique Adolphe de Rothschild","Stage, Unit√© Vision et Cognition, Fondation Rothschild","Public","Student"
"107","f1dc79e74a02d40e0d1520e5a16ed69e","Etudiant en m√©decine at Formation continue Universit√© de Nantes","France","0224f9282e046194fe0ce6fbf5d776b5","Promotion H√©lium 2012-2013","2015",FALSE,FALSE,TRUE,TRUE,TRUE,TRUE,FALSE,"Formation continue Universit√© de Nantes","Etudiant en m√©decine","Public","Student"
"108","34e317196fdf1c7df53d6f823e9ee675","PhD Student at Genoscope - National Center of Sequencing","France","05e4676a3926912d33fc3b8e98c0a4f4","Promotion Bore 2015-2016","2018",TRUE,TRUE,TRUE,FALSE,FALSE,FALSE,FALSE,"Genoscope - National Center of Sequencing","PhD Student","Public","Student"
"109","490b2b34dfb2d722ed2b36396dae7449","Co founder at CognitiveDesign","France","72fa6676b19d788c22ee14d4937dd94b","Promotion H√©lium 2012-2013","2015",FALSE,FALSE,FALSE,TRUE,FALSE,FALSE,FALSE,"Gipsa Lab , LPNC","Master thesis final internship","Public","Student"
"110","490b2b34dfb2d722ed2b36396dae7449","Co founder at CognitiveDesign","France","72fa6676b19d788c22ee14d4937dd94b","Promotion H√©lium 2012-2013","2015",FALSE,FALSE,TRUE,FALSE,FALSE,FALSE,FALSE,"GIPSA-lab, LPNC Lab","Master Thesis Final Internship","Public","Student"
"111","c55574484f6f74a39f634c3a6f294a77","EU Affairs Officer at European Bureau for Conservation and Development","Belgium","87bbc6a2154adfd3b54edcbff59a882c","Promotion B√©ryllium 2014-2015","2017",TRUE,TRUE,FALSE,FALSE,FALSE,FALSE,FALSE,"Global Center on Adaptation","Young Leaders Program - External Engagement","Public","Other"
"112","809584f3cb9ac4004e3e445544331277","Ing√©nieur at CRI","France","13c4ed2acb01365fe28aec1a89335507","Promotion B√©ryllium 2014-2015","2017",TRUE,FALSE,FALSE,FALSE,FALSE,FALSE,FALSE,"Glowee","Internship student - Master 2 Microbiology Environnement Health (MES)","Private","Student"
"113","11882e25b5bac0f4312294663019b173","R√©f√©rente d√©chets du P√¥le Erdre et Cens at Nantes M√©tropole","France","8172f895f3d9d526384c3fda5f9d631e","Promotion Lithium 2013-2014","2016",FALSE,FALSE,TRUE,TRUE,TRUE,FALSE,FALSE,"Green Donut","Animatrice et facilitatrice de la Fresque des d√©chets et de la Fresque du textile","Private","Other"
"114","04ef2f848e9374f33d0960bf3df7717e","Ing√©nieur R&D : ing√©nierie tissulaire et biomat√©riaux at Poietis","France","fecacd6562e5a5db1f7c51ab89dc8c1b","Promotion B√©ryllium 2014-2015","2017",TRUE,FALSE,FALSE,FALSE,FALSE,FALSE,FALSE,"Grenoble INP - Phelma","√âtudiant dipl√¥m√©","Public","Student"
"115","679e3c008ec19f2b9a0fa2d28bd57a9c","Master Intern at Leibniz Centre for Tropical Marine Research (ZMT) GmbH","France","0df2eea14658ad81807a1c860ab4b309","Promotion B√©ryllium 2014-2015","2017",TRUE,FALSE,FALSE,FALSE,FALSE,FALSE,FALSE,"Group HN","Ing√©nieur de Recherche et D√©veloppement","Private","Research"
"116","e04ed46780afafc7d2ecdce1ac15a1f1","Assistant chef de projet at Handiconnect","France","4511a4b54d1690497c21cb97db396369","Promotion Bore 2015-2016","2018",TRUE,FALSE,FALSE,FALSE,FALSE,FALSE,FALSE,"Handiconnect","Assistant chef de projet","Private","Other"
"117","090470d0e499a32128152271dbe4a287","PhD Student in Clinical Neurosciences at University of Cambridge","United Kingdom","be4886f164893720b1b9f836de7c669c","Promotion B√©ryllium 2014-2015","2017",TRUE,TRUE,FALSE,FALSE,FALSE,FALSE,FALSE,"Harvard Medical School","Master's thesis","Public","Student"
"118","ebca82c94a745f86a0b4a268bc5ecf27","PHD Candidate at Harvard University","United States of America","26690cc29b51571d4385f48aac010357","Promotion H√©lium 2012-2013","2015",FALSE,FALSE,TRUE,TRUE,TRUE,TRUE,FALSE,"Harvard University","Graduate Teaching Fellow","Public","Other"
"119","ebca82c94a745f86a0b4a268bc5ecf27","PHD Candidate at Harvard University","United States of America","26690cc29b51571d4385f48aac010357","Promotion H√©lium 2012-2013","2015",FALSE,TRUE,TRUE,TRUE,TRUE,TRUE,FALSE,"Harvard University","PHD Candidate","Public","Student"
"120","601d4f15cc5079606787744693d22bce","Business Operation Project Manager at Hublo","France","a8cff724ab7dcb81744df40b3a4565c6","Promotion Azote 2017-2018","2020",TRUE,FALSE,FALSE,FALSE,FALSE,FALSE,FALSE,"Hublo","Business Operation Project Manager","Private","Other"
"121","ac846752245a5f7eed9db38da4d2ea66","Manager, Customer Success at Hublo","France","3e1225c1cf7a3c7f0612b1c12e674167","Promotion Carbone 2016-2017","2019",FALSE,TRUE,FALSE,FALSE,FALSE,FALSE,FALSE,"Hublo","Manager, Customer Success","Private","Other"
"122","bf83d3cbf7ebfeeecdedd9519df56af8","PhD Student at Medical University of Vienna","Austria","619732c9175044d593e65fb8aa694032","Promotion H√©lium 2012-2013","2015",TRUE,FALSE,FALSE,FALSE,FALSE,FALSE,FALSE,"Humboldt-Universit√§t zu Berlin","Internship Trainee","Public","Student"
"123","bf83d3cbf7ebfeeecdedd9519df56af8","PhD Student at Medical University of Vienna","Austria","619732c9175044d593e65fb8aa694032","Promotion H√©lium 2012-2013","2015",TRUE,FALSE,FALSE,FALSE,FALSE,FALSE,FALSE,"Humboldt-Universit√§t zu Berlin","Internship Trainee","Public","Student"
"124","416edaf761c57a3a92c7eb24c3329743","Charg√©e de mission d√©veloppement durable et transition √©cologique at D√©partement de la Vend√©e","France","57152973e861c75f7b5341990e88822a","Promotion Carbone 2016-2017","2019",TRUE,FALSE,FALSE,FALSE,FALSE,FALSE,FALSE,"I Care & Consult","6-month internship as an Environmental consultant with a focus on #adaptation at I Care","Private","Student"
"125","20114d4d9aef7cb4663e787dbced693f","Enzyme Engineering Scientist at DNA Script","France","af3c5d6130c749a47e78cc65dc0c52ed","Promotion Hydrog√®ne 2011-2012","2014",TRUE,FALSE,FALSE,FALSE,FALSE,FALSE,FALSE,"I2BC (Paris XI)","Internship: Protein Engineering","Public","Student"
"126","feb5c4ba7bdc0267244f037909e49d05","√âtudiant doctorant at CNRS - Centre national de la recherche scientifique","France","b3a93d670d431960438574ba61a176f5","Promotion B√©ryllium 2014-2015","2017",FALSE,TRUE,FALSE,FALSE,FALSE,FALSE,FALSE,"I3 laboratory, Sorbonne Universit√© / Inserm U959","Stagiaire","Public","Student"
"127","c10674167315089247ea5fa8c98256f6","Initiatrice de projet at Tous Tes Possibles","France","0faeba16527ef54dfa54c18015997e30","Promotion B√©ryllium 2014-2015","2017",TRUE,TRUE,FALSE,FALSE,FALSE,FALSE,FALSE,"IAE Bordeaux","Pr√©sidente de l'association √©co-responsable de l'IAE de Bordeaux - Bambou","Public","Board"
"128","89813357a06b98cd8754eacef36ef26f","Research engineer at ENVT","France","e00ba1267d2791a3484b4b3c619233a6","Promotion Lithium 2013-2014","2016",TRUE,FALSE,FALSE,FALSE,FALSE,FALSE,FALSE,"IBENS ENS","Biostatisticien","Public","Other"
"129","31ed6b31e1c4f52c50fb90786771c109","Co-Founder part of the IMB start-up program at IBM","France","9c6d5e6b51f84261af6151cf7a1822ec","Promotion B√©ryllium 2014-2015","2017",FALSE,FALSE,TRUE,TRUE,FALSE,FALSE,FALSE,"IBM","Co-Founder part of the IMB start-up program","Private","Entrepreneurship"
"130","a7133acff210e14ea6a14cc4d8d7b1fa","Animateur scientifique at Icare","France","df0787b2bb40282170c901bb3583293c","Promotion Lithium 2013-2014","2016",TRUE,TRUE,TRUE,TRUE,TRUE,FALSE,FALSE,"Icare","Animateur scientifique","Private","Other"
"131","8a0d8dcf3fcd31d05987a177b2be25f8","Stage de recherche en √©cologie et g√©n√©tique des populations at IEES Paris, Universit√© Paris-Est Cr√©teil","France","7eb10962baf91e299626c1917064bca3","Promotion B√©ryllium 2014-2015","2017",TRUE,FALSE,FALSE,FALSE,FALSE,FALSE,FALSE,"IEES Paris, Universit√© Paris-Est Cr√©teil","Stage de recherche en √©cologie et g√©n√©tique des populations","Public","Student"
"132","3c21efef7ab9cd226846cc4296f7f75b","Computational biologist at Quantitative Molecular Biological Physics lab at NCBI/NLM/NIH","France","e112b622e3adc09ecc30f91bb919bd18","Promotion Lithium 2013-2014","2016",TRUE,FALSE,FALSE,FALSE,FALSE,FALSE,FALSE,"IJPB (Institut Jean-Pierre Bourgin) - INRA","Biological data analysis (mix-omics)","Public","Other"
"133","8184cb829b3ac9b8d19ef29707025aa3","Stagiaire Ing√©nieur p√©dagogique VR at VirtualiSurg, la r√©alit√© virtuelle au service de la formation chirurgicale","France","a446e6d8e48c4175c6c82f8dfcf5ee03","Promotion Lithium 2013-2014","2016",TRUE,FALSE,FALSE,FALSE,FALSE,FALSE,FALSE,"iLumens","Stagiaire Ing√©nieur p√©dagogique","Public","Student"
"134","8ce0a449d85cc40b838271b470b4c70e","Co-fondatrice at Premiers Cris","France","ea0fead91d964041e0e9b7510c5aff61","Promotion Hydrog√®ne 2011-2012","2014",FALSE,FALSE,FALSE,FALSE,TRUE,TRUE,TRUE,"IM-TWIN Project","Chercheuse associ√©e","Public","Research"
"135","fb604f36365d7fe11dddf529cadb7025","Stagiaire en recherche at Infections virales et pathologie compar√©es","France","23ec509154e88997cb32043a356ca32f","Promotion Azote 2017-2018","2020",TRUE,FALSE,FALSE,FALSE,FALSE,FALSE,FALSE,"Infections virales et pathologie compar√©es","Stagiaire en recherche","Public","Student"
"136","67af1831de65104374b77b9a597f4671","Stagiaire UX/ Product Owner at Tyllt","France","2bd659581e6efed3841e38a43d698cac","Promotion H√©lium 2012-2013","2015",FALSE,FALSE,FALSE,TRUE,TRUE,FALSE,FALSE,"Ing√©nierie et Conseil en Cognitique ‚Äì i2c","Vice pr√©sident","Public","Board"
"137","94369f5f833008a9b93d6e9ae7a6a533","Charg√©e de communication grand public et jeunes at ADEME","France","7e0effdc2fb683901e5ca551a0d90824","Promotion Bore 2015-2016","2018",FALSE,TRUE,FALSE,FALSE,FALSE,FALSE,FALSE,"INRAE","Relations presse","Public","Other"
"138","9078a2b2b2a2a3f82c553b3ea397be6d","Ing√©nieure d'√©tude en biologie cellulaire/immunologie at Inserm","France","dc730c759c7132852d33480f4b0c52bd","Promotion B√©ryllium 2014-2015","2017",FALSE,FALSE,TRUE,TRUE,FALSE,FALSE,FALSE,"Inserm","Ing√©nieure d'√©tude en biologie cellulaire/immunologie","Public","Other"
"139","9078a2b2b2a2a3f82c553b3ea397be6d","Ing√©nieure d'√©tude en biologie cellulaire/immunologie at Inserm","France","dc730c759c7132852d33480f4b0c52bd","Promotion B√©ryllium 2014-2015","2017",FALSE,TRUE,TRUE,FALSE,FALSE,FALSE,FALSE,"Inserm","Assistante ing√©nieure en biologie cellulaire","Public","Other"
"140","9078a2b2b2a2a3f82c553b3ea397be6d","Ing√©nieure d'√©tude en biologie cellulaire/immunologie at Inserm","France","dc730c759c7132852d33480f4b0c52bd","Promotion B√©ryllium 2014-2015","2017",FALSE,TRUE,FALSE,FALSE,FALSE,FALSE,FALSE,"Inserm","Stage de recherche","Public","Student"
"141","bf83d3cbf7ebfeeecdedd9519df56af8","PhD Student at Medical University of Vienna","Austria","619732c9175044d593e65fb8aa694032","Promotion H√©lium 2012-2013","2015",FALSE,TRUE,FALSE,FALSE,FALSE,FALSE,FALSE,"Inserm","Internship Trainee","Public","Student"
"142","bf83d3cbf7ebfeeecdedd9519df56af8","PhD Student at Medical University of Vienna","Austria","619732c9175044d593e65fb8aa694032","Promotion H√©lium 2012-2013","2015",TRUE,FALSE,FALSE,FALSE,FALSE,FALSE,FALSE,"Inserm","Internship Trainee","Public","Student"
"143","ac846752245a5f7eed9db38da4d2ea66","Manager, Customer Success at Hublo","France","3e1225c1cf7a3c7f0612b1c12e674167","Promotion Carbone 2016-2017","2019",TRUE,FALSE,FALSE,FALSE,FALSE,FALSE,FALSE,"Inserm","Assistant ing√©nieur","Public","Other"
"144","bf83d3cbf7ebfeeecdedd9519df56af8","PhD Student at Medical University of Vienna","Austria","619732c9175044d593e65fb8aa694032","Promotion H√©lium 2012-2013","2015",FALSE,TRUE,FALSE,FALSE,FALSE,FALSE,FALSE,"Inserm","Internship Trainee","Public","Student"
"145","bf83d3cbf7ebfeeecdedd9519df56af8","PhD Student at Medical University of Vienna","Austria","619732c9175044d593e65fb8aa694032","Promotion H√©lium 2012-2013","2015",TRUE,FALSE,FALSE,FALSE,FALSE,FALSE,FALSE,"Inserm","Internship Trainee","Public","Student"
"146","f1dc79e74a02d40e0d1520e5a16ed69e","Etudiant en m√©decine at Formation continue Universit√© de Nantes","France","0224f9282e046194fe0ce6fbf5d776b5","Promotion H√©lium 2012-2013","2015",TRUE,FALSE,FALSE,FALSE,FALSE,FALSE,FALSE,"INSERM","Stage de recherche en √©pid√©miologie","Public","Student"
"147","fa8100a38618e8a682ee26c3ba5e0124","Journaliste sant√© ‚Ä¢ Rose Magazine at RoseUp Association","France","3fa962e11fe57072bd84c577c5f822ab","Promotion Hydrog√®ne 2011-2012","2014",TRUE,FALSE,FALSE,FALSE,FALSE,FALSE,FALSE,"Inserm","Stage","Public","Student"
"148","0c8c53790d60ab63100caa7f81ddf9b6","Conseill√®re Carri√®re pour l'√©volution professionnelle des scientifiques at Institut Pasteur","France","ab9098719d48172a352756de03855b02","Promotion Hydrog√®ne 2011-2012","2014",TRUE,FALSE,FALSE,FALSE,FALSE,FALSE,FALSE,"Inserm","Internship","Public","Student"
"149","8148cd205fe491f4f681ce79fbed4c8b","Enseignante et m√©diatrice at L'ATELIER DES JOURS A VENIR","France","872167ffdb46329655221f3c5648b2ae","Promotion Hydrog√®ne 2011-2012","2014",TRUE,FALSE,FALSE,FALSE,FALSE,FALSE,FALSE,"Inserm","Stagiaire","Private","Student"
"150","20114d4d9aef7cb4663e787dbced693f","Enzyme Engineering Scientist at DNA Script","France","af3c5d6130c749a47e78cc65dc0c52ed","Promotion Hydrog√®ne 2011-2012","2014",TRUE,FALSE,FALSE,FALSE,FALSE,FALSE,FALSE,"Inserm","Internship: Modeling of Directed Evolution","Public","Student"
"151","cbf3cbcd3a0c9832d31208a99c8fc1af","PHD Student at Universit√© de Bordeaux","France","37c1d0f78eccdaf939f44fbaa07e4a77","Promotion Lithium 2013-2014","2016",TRUE,FALSE,FALSE,FALSE,FALSE,FALSE,FALSE,"Inserm","Intern - Team Neuronal Circuits of Associative Learning","Public","Student"
"152","7c3967bd65e54ee4984a406a7bee08a9","PHD Student at Centre de recherche des Cordeliers","France","06ffe075a07f1d28bf54c67bd5b6f16d","Promotion Lithium 2013-2014","2016",TRUE,FALSE,FALSE,FALSE,FALSE,FALSE,FALSE,"INSERM","Research Internship","Public","Student"
"153","74f41f57c2c0d7d474b9d452d2d4ee4b","Master thesis on the impact of the orexin-A on intestinal inflammatory disease at Inserm - U1149 - Centre de Recheche sur l'Inflammation","France","ed8ca1b36a78ec7371718987eaa7ec24","Promotion B√©ryllium 2014-2015","2017",TRUE,FALSE,FALSE,FALSE,FALSE,FALSE,FALSE,"Inserm - U1149 - Centre de Recheche sur l'Inflammation","Master thesis on the impact of the orexin-A on intestinal inflammatory disease","Public","Student"
"154","43d032676319aa50986ecbeff4d9b4ba","PhD Student at Institut Curie","France","354b7a7a174b687ec87f6ee1b49eca34","Promotion B√©ryllium 2014-2015","2017",TRUE,TRUE,TRUE,TRUE,FALSE,FALSE,FALSE,"Institut Curie","PhD Student","Public","Student"
"155","74c3d0531c7c74652c1c46bec9de9159","PhD student at Institut Curie","France","e1d83529940b0ca86f3fdfac092f23d0","Promotion Bore 2015-2016","2018",FALSE,TRUE,TRUE,FALSE,FALSE,FALSE,FALSE,"Institut Curie","PhD student","Public","Student"
"156","43d032676319aa50986ecbeff4d9b4ba","PhD Student at Institut Curie","France","354b7a7a174b687ec87f6ee1b49eca34","Promotion B√©ryllium 2014-2015","2017",TRUE,FALSE,FALSE,FALSE,FALSE,FALSE,FALSE,"Institut Curie - Research Centre","Graduate Research Student","Public","Student"
"157","74c3d0531c7c74652c1c46bec9de9159","PhD student at Institut Curie","France","e1d83529940b0ca86f3fdfac092f23d0","Promotion Bore 2015-2016","2018",FALSE,TRUE,FALSE,FALSE,FALSE,FALSE,FALSE,"Institut de Biologie du D√©veloppement de Marseille","Master 2 internship","Public","Student"
"158","df760ca2855f44142f5aa5d7699bb13a","Ing√©nieur at Institut de G√©n√©tique Humaine","France","6b4b27b4dd1d8cd0c4632065f8e935ef","Promotion Hydrog√®ne 2011-2012","2014",FALSE,FALSE,FALSE,FALSE,FALSE,TRUE,TRUE,"Institut de G√©n√©tique Humaine","Ing√©nieur","Public","Other"
"159","4357bf9a059d3147cdf8dbf592391aef","PHD Graduate Student at Institut de physique du globe de Paris","France","239841ed832084878b4ccac1b80a04a8","Promotion B√©ryllium 2014-2015","2017",TRUE,TRUE,TRUE,TRUE,FALSE,FALSE,FALSE,"Institut de physique du globe de Paris","PHD Graduate Student","Public","Student"
"160","0e2525647a9683a863c84e6d95c65a27","√âtudiante doctorante at Institut Pasteur","France","f2ff30953dca87eb41cd34202a8bd17d","Promotion B√©ryllium 2014-2015","2017",FALSE,TRUE,TRUE,FALSE,FALSE,FALSE,FALSE,"Institut de Syst√©matique, √âvolution, Biodiversit√© (UMR 7205)","Ing√©nieur Bioinformatique et Biomol√©culaire","Public","Other"
"161","0e2525647a9683a863c84e6d95c65a27","√âtudiante doctorante at Institut Pasteur","France","f2ff30953dca87eb41cd34202a8bd17d","Promotion B√©ryllium 2014-2015","2017",FALSE,TRUE,FALSE,FALSE,FALSE,FALSE,FALSE,"Institut de Syst√©matique, √âvolution, Biodiversit√© (UMR 7205)","Evolution des g√®nes codant pour les prot√©ines du lait chez les Bovidae","Public","Other"
"162","f275d4df0b711a87adaf4710eea5ba72","Teacher at Universit√© de Paris","France","8a7b2d85bd627f7c5b00322f96da8b14","Promotion Carbone 2016-2017","2019",TRUE,FALSE,FALSE,FALSE,FALSE,FALSE,FALSE,"Institut des Syst√®mes Complexes - Paris √éle-de-France (UPS 3611 / CNRS)","Research Assistant","Public","Research"
"163","7f87716741aeae4d227491b5a7d87d4e","Stagiaire at INSTITUT GUSTAVE ROUSSY","France","cd54b056fb9f637419ef57ddbd16b533","Promotion Azote 2017-2018","2020",TRUE,FALSE,FALSE,FALSE,FALSE,FALSE,FALSE,"INSTITUT GUSTAVE ROUSSY","Stagiaire","Public","Student"
"164","de42531e222edbb90d718ab3aeb6a243","PHD Student at Institut Imagine","France","9fb43a22497df1add71e50632103a398","Promotion Bore 2015-2016","2018",FALSE,TRUE,TRUE,FALSE,FALSE,FALSE,FALSE,"Institut Imagine","PHD Student","Public","Student"
"165","3c21efef7ab9cd226846cc4296f7f75b","Computational biologist at Quantitative Molecular Biological Physics lab at NCBI/NLM/NIH","France","e112b622e3adc09ecc30f91bb919bd18","Promotion Lithium 2013-2014","2016",TRUE,FALSE,FALSE,FALSE,FALSE,FALSE,FALSE,"Institut Jacques Monod","Internship at Institut Jacques Monod","Public","Student"
"166","0e2525647a9683a863c84e6d95c65a27","√âtudiante doctorante at Institut Pasteur","France","f2ff30953dca87eb41cd34202a8bd17d","Promotion B√©ryllium 2014-2015","2017",FALSE,FALSE,TRUE,TRUE,FALSE,FALSE,FALSE,"Institut Pasteur","√âtudiante doctorante","Public","Student"
"167","4a59c990c1f3c2d7db2d9436336af658","PhD Student - Laboratory of Physiology and Physiopathology of the Urogenital Tract at IRSET","France","f2aaa2332f1ef8185cb7ff2d7fa9de6a","Promotion H√©lium 2012-2013","2015",TRUE,FALSE,FALSE,FALSE,FALSE,FALSE,FALSE,"Institut Pasteur","MSc 2 Intern - Laboratory of Viral Genomics and Vaccination","Public","Student"
"168","4360e0698ecc034deb32093633acec9e","Doctoral Researcher at Max-Planck-Institute for Evolutionary Anthropology","Germany","8872e57594b61827a24f87c88222ab11","Promotion Hydrog√®ne 2011-2012","2014",FALSE,TRUE,FALSE,FALSE,FALSE,FALSE,FALSE,"Institut Pasteur","Research Intern","Public","Student"
"169","0c8c53790d60ab63100caa7f81ddf9b6","Conseill√®re Carri√®re pour l'√©volution professionnelle des scientifiques at Institut Pasteur","France","ab9098719d48172a352756de03855b02","Promotion Hydrog√®ne 2011-2012","2014",FALSE,FALSE,FALSE,FALSE,FALSE,FALSE,TRUE,"Institut Pasteur","Conseill√®re Carri√®re pour l'√©volution professionnelle des scientifiques","Public","Other"
"170","0c8c53790d60ab63100caa7f81ddf9b6","Conseill√®re Carri√®re pour l'√©volution professionnelle des scientifiques at Institut Pasteur","France","ab9098719d48172a352756de03855b02","Promotion Hydrog√®ne 2011-2012","2014",TRUE,TRUE,TRUE,TRUE,FALSE,FALSE,FALSE,"Institut Pasteur","PhD Immunology / Parasitology","Public","Student"
"171","82b54f459092668066d4ea25814328f8","Contrat post-doctoral - Immunit√© Inn√©e et Leptospires at Institut Pasteur","France","b3989b4aef9b581cfa518e3e3baca12e","Promotion Lithium 2013-2014","2016",FALSE,FALSE,FALSE,FALSE,TRUE,FALSE,FALSE,"Institut Pasteur","Contrat post-doctoral - Immunit√© Inn√©e et Leptospires","Public","Research"
"172","82b54f459092668066d4ea25814328f8","Contrat post-doctoral - Immunit√© Inn√©e et Leptospires at Institut Pasteur","France","b3989b4aef9b581cfa518e3e3baca12e","Promotion Lithium 2013-2014","2016",TRUE,TRUE,TRUE,TRUE,TRUE,FALSE,FALSE,"Institut Pasteur","Th√®se de doctorat - Immunit√© Inn√©e et Leptospires","Public","Student"
"173","82b54f459092668066d4ea25814328f8","Contrat post-doctoral - Immunit√© Inn√©e et Leptospires at Institut Pasteur","France","b3989b4aef9b581cfa518e3e3baca12e","Promotion Lithium 2013-2014","2016",TRUE,FALSE,FALSE,FALSE,FALSE,FALSE,FALSE,"Institut Pasteur","Stage de recherche M2 - Immunit√© inn√©e et Leptospires","Public","Student"
"174","4a59c990c1f3c2d7db2d9436336af658","PhD Student - Laboratory of Physiology and Physiopathology of the Urogenital Tract at IRSET","France","f2aaa2332f1ef8185cb7ff2d7fa9de6a","Promotion H√©lium 2012-2013","2015",FALSE,FALSE,TRUE,TRUE,FALSE,FALSE,FALSE,"Institut Pasteur of Shanghai","PhD Student - Laboratory of Arbovirus Interspecies Transmission and Therapeutics","Public","Student"
"175","59938c3e874a32dea68c55c70972105c","M√©diateur scientifique at OCEANOPOLIS","France","c36547082dcda702ff7771e94334592e","Promotion Hydrog√®ne 2011-2012","2014",FALSE,TRUE,FALSE,FALSE,FALSE,FALSE,FALSE,"Institut universtaire europ√©en de la mer","Etude Prot√©omique de Placopecten magellanicus","Public","Student"
"176","74c3d0531c7c74652c1c46bec9de9159","PhD student at Institut Curie","France","e1d83529940b0ca86f3fdfac092f23d0","Promotion Bore 2015-2016","2018",TRUE,FALSE,FALSE,FALSE,FALSE,FALSE,FALSE,"Instituto Gulbenkian de Ciencia","Stage DENS","Public","Student"
"177","a09a916c2c481435414eaa172302bc42","Ing√©nieur agronome at Instituto Superior de Agronomia","France","63fc11442693ea4b16fcaef8c24ddd83","Promotion Carbone 2016-2017","2019",TRUE,FALSE,FALSE,FALSE,FALSE,FALSE,FALSE,"Instituto Superior de Agronomia","Ing√©nieur agronome","Public","Other"
"178","8cf6024e9f22117fd51b7296c83675b9","Data Scientist at Millionroads","France","0f374aa8e7da3fd87915aae5457295d6","Promotion Carbone 2016-2017","2019",TRUE,FALSE,FALSE,FALSE,FALSE,FALSE,FALSE,"Interaction Data Lab","Data Science Intern","Public","Student"
"179","60af3918aa1ab755534f39cae239e171","Research & Communications | Junior Project Manager at Lushomo","South Africa","906864e465223377d2f1e5ecc526bec1","Promotion Bore 2015-2016","2018",FALSE,TRUE,FALSE,FALSE,FALSE,FALSE,FALSE,"International Science Council","Consultant","Public","Other"
"180","c10674167315089247ea5fa8c98256f6","Initiatrice de projet at Tous Tes Possibles","France","0faeba16527ef54dfa54c18015997e30","Promotion B√©ryllium 2014-2015","2017",FALSE,TRUE,FALSE,FALSE,FALSE,FALSE,FALSE,"Inversons la Classe !","Junior Project Manager","Private","Other"
"181","52403b0075a8df667b8eb43b7736a378","Training Manager at Ipsen","France","412c9f702db8d1f33930e8e9d15490d3","Promotion Hydrog√®ne 2011-2012","2014",FALSE,FALSE,FALSE,TRUE,TRUE,TRUE,TRUE,"Ipsen","Training Manager","Private","Other"
"182","52403b0075a8df667b8eb43b7736a378","Training Manager at Ipsen","France","412c9f702db8d1f33930e8e9d15490d3","Promotion Hydrog√®ne 2011-2012","2014",FALSE,TRUE,TRUE,TRUE,FALSE,FALSE,FALSE,"Ipsen","Project Analyst","Private","Other"
"183","6b4b99d8b654b4ed76ea28c5c4053a35","Doctorante at Universit√© Paris Descartes","France","abdf7dd18d42618876e8111a54623ec0","Promotion B√©ryllium 2014-2015","2017",TRUE,FALSE,FALSE,FALSE,FALSE,FALSE,FALSE,"IRD","Stagiaire M2 - intern","Public","Student"
"184","4a59c990c1f3c2d7db2d9436336af658","PhD Student - Laboratory of Physiology and Physiopathology of the Urogenital Tract at IRSET","France","f2aaa2332f1ef8185cb7ff2d7fa9de6a","Promotion H√©lium 2012-2013","2015",TRUE,TRUE,TRUE,TRUE,TRUE,TRUE,FALSE,"IRSET","PhD Student - Laboratory of Physiology and Physiopathology of the Urogenital Tract","Public","Student"
"185","36e61a7ce591ed253a2ec337cb344532","Civic service at AILERONS association - Fin indicator at Association AILERONS","France","a00fc52c63902481b1b66eb1df874028","Promotion Carbone 2016-2017","2019",TRUE,FALSE,FALSE,FALSE,FALSE,FALSE,FALSE,"iSea NGO","Internship. Monitoring elasmobranchs catches of the small scales fisheries in, Greece","Private","Student"
"186","95dcb67fb5d78d0c099249d553343451","Research Associate at King's College London","United Kingdom","06282301e79f59b050aebd6f06da8003","Promotion Hydrog√®ne 2011-2012","2014",FALSE,FALSE,FALSE,FALSE,FALSE,TRUE,TRUE,"King's College London","Research Associate","Public","Research"
"187","8148cd205fe491f4f681ce79fbed4c8b","Enseignante et m√©diatrice at L'ATELIER DES JOURS A VENIR","France","872167ffdb46329655221f3c5648b2ae","Promotion Hydrog√®ne 2011-2012","2014",TRUE,TRUE,TRUE,TRUE,TRUE,TRUE,TRUE,"L'ATELIER DES JOURS A VENIR","Enseignante et m√©diatrice","Private","Other"
"188","7295c9cb99721a4b93e053db8a6d562c","Alternant communication audiovisuelle at CNES","France","ace85c0416af279583a749cfc1c3fb6e","Promotion Azote 2017-2018","2020",TRUE,FALSE,FALSE,FALSE,FALSE,FALSE,FALSE,"L'Octopus journal","R√©dacteur en chef","Private","Other"
"189","16f90237093a043332d99e1460489551","Charg√© de communication √©ditoriale et soutien aux juridictions administratives at Conseil d'√âtat","France","54586486e5d6b69d297970652c9aa4b7","Promotion Bore 2015-2016","2018",TRUE,FALSE,FALSE,FALSE,FALSE,FALSE,FALSE,"L'Octopus journal","Model maker üì∞","Private","Other"
"190","16f90237093a043332d99e1460489551","Charg√© de communication √©ditoriale et soutien aux juridictions administratives at Conseil d'√âtat","France","54586486e5d6b69d297970652c9aa4b7","Promotion Bore 2015-2016","2018",TRUE,FALSE,FALSE,FALSE,FALSE,FALSE,FALSE,"L'Octopus journal","Iconographer üñº","Private","Other"
"191","16f90237093a043332d99e1460489551","Charg√© de communication √©ditoriale et soutien aux juridictions administratives at Conseil d'√âtat","France","54586486e5d6b69d297970652c9aa4b7","Promotion Bore 2015-2016","2018",TRUE,FALSE,FALSE,FALSE,FALSE,FALSE,FALSE,"L'Octopus journal","Independent redactor üñä","Private","Other"
"192","94369f5f833008a9b93d6e9ae7a6a533","Charg√©e de communication grand public et jeunes at ADEME","France","7e0effdc2fb683901e5ca551a0d90824","Promotion Bore 2015-2016","2018",FALSE,TRUE,FALSE,FALSE,FALSE,FALSE,FALSE,"L'Octopus journal","Maquettiste","Private","Other"
"193","94369f5f833008a9b93d6e9ae7a6a533","Charg√©e de communication grand public et jeunes at ADEME","France","7e0effdc2fb683901e5ca551a0d90824","Promotion Bore 2015-2016","2018",TRUE,TRUE,TRUE,FALSE,FALSE,FALSE,FALSE,"L'Octopus journal","Secr√©taire de r√©daction","Private","Other"
"194","090470d0e499a32128152271dbe4a287","PhD Student in Clinical Neurosciences at University of Cambridge","United Kingdom","be4886f164893720b1b9f836de7c669c","Promotion B√©ryllium 2014-2015","2017",TRUE,FALSE,FALSE,FALSE,FALSE,FALSE,FALSE,"L'Or√©al","Engineering internship","Private","Student"
"195","52403b0075a8df667b8eb43b7736a378","Training Manager at Ipsen","France","412c9f702db8d1f33930e8e9d15490d3","Promotion Hydrog√®ne 2011-2012","2014",TRUE,FALSE,FALSE,FALSE,FALSE,FALSE,FALSE,"L'Or√©al","Advanced Research Clinical Trial Management","Private","Research"
"196","26d7396df13b6c45b11c392793c54af2","Charg√© de mission Ing√©nierie Process at Agronutris","France","371e4a49fe245cbd34341825ced80fe4","Promotion B√©ryllium 2014-2015","2017",FALSE,FALSE,TRUE,FALSE,FALSE,FALSE,FALSE,"La Coccinelle - Biofabrique d'insectes auxiliaires","Chef de Projet R&D","Private","Other"
"197","41bdadf8515304c2428571f2baa20eec","Journaliste pigiste : sciences, sant√© at Bayard","France","bacf1b7666efb22ad9fc62474675c3d0","Promotion H√©lium 2012-2013","2015",FALSE,TRUE,FALSE,FALSE,FALSE,FALSE,FALSE,"LA COMPAGNIE LES FAITS D'AMES","R√©f√©rente scientifique pour la s√©rie TV ""Neurotrucs""","Private","Other"
"198","9fc4cab665165cb9e4df8791cb5aa32e","Editrice scientifique at la ville br√ªle","France","44ff9c1edcde07886d26071b5143d38e","Promotion Azote 2017-2018","2020",TRUE,FALSE,FALSE,FALSE,FALSE,FALSE,FALSE,"la ville br√ªle","Editrice scientifique","Private","Other"
"199","e006142a14f9b2b5847267794a895366","PHD Candidate at Cambridge University Department of Chemical Engineering and Biotechnology","France","32beb5922df545c447b033aa18e9dcdd","Promotion B√©ryllium 2014-2015","2017",FALSE,TRUE,FALSE,FALSE,FALSE,FALSE,FALSE,"Laboratoire de Chimie et Biochimie Pharmacologique et Toxicologique","Msc Research Intern","Public","Student"
"200","6c45e021dbc56bf4e34f9dec0d2602e6","Research Internship at Laboratoire Ecologie Syst√©matique Evolution","France","924726772f2a6bc497b0ca392015ea8e","Promotion H√©lium 2012-2013","2015",TRUE,FALSE,FALSE,FALSE,FALSE,FALSE,FALSE,"Laboratoire Ecologie Syst√©matique Evolution","Research Internship","Public","Student"
"201","79c7888689afaf0d9f200e5047ee9ad3","Doctorant at Laboratoire Kastler Brossel","France","161fee3453f64e0c86e093551c892f92","Promotion Lithium 2013-2014","2016",FALSE,FALSE,FALSE,TRUE,TRUE,FALSE,FALSE,"Laboratoire Kastler Brossel","Doctorant","Public","Research"
"202","e006142a14f9b2b5847267794a895366","PHD Candidate at Cambridge University Department of Chemical Engineering and Biotechnology","France","32beb5922df545c447b033aa18e9dcdd","Promotion B√©ryllium 2014-2015","2017",TRUE,TRUE,FALSE,FALSE,FALSE,FALSE,FALSE,"Laboratoire mati√®re et syst√®mes complexes","Research Intern","Public","Student"
"203","de42531e222edbb90d718ab3aeb6a243","PHD Student at Institut Imagine","France","9fb43a22497df1add71e50632103a398","Promotion Bore 2015-2016","2018",TRUE,FALSE,FALSE,FALSE,FALSE,FALSE,FALSE,"Lady Davis Research Institute","Clinical Research Coordinator","Private","Research"
"204","5df832c32ed54cd2d39d3148e4e12e35","Croupier 1√®re Cat√©gorie at CIRCUS CLUB PARIS","France","51b17b8c7d479af5d3550151e0a13f62","Promotion Bore 2015-2016","2018",TRUE,FALSE,FALSE,FALSE,FALSE,FALSE,FALSE,"Le Casino Barri√®re de Dinard","Croupier 2√®me Cat√©gorie","Private","Other"
"205","679e3c008ec19f2b9a0fa2d28bd57a9c","Master Intern at Leibniz Centre for Tropical Marine Research (ZMT) GmbH","France","0df2eea14658ad81807a1c860ab4b309","Promotion B√©ryllium 2014-2015","2017",FALSE,TRUE,TRUE,TRUE,FALSE,FALSE,FALSE,"Leibniz Centre for Tropical Marine Research (ZMT) GmbH","Master Intern","Public","Student"
"206","2d721af72126bf3c697576e7c554811b","Etudiant en M1 Biologie Sant√© at Universit√© Evry val d'Essone","France","73e2afc7bdc90a9922b432db0385fefa","Promotion H√©lium 2012-2013","2015",TRUE,TRUE,TRUE,TRUE,TRUE,TRUE,FALSE,"Licence Fronti√®res du Vivant","Tuteur d'informatique pour les √©tudiants de premi√®re ann√©e de la licence Fronti√®res du Vivant","Public","Other"
"207","37b55a641c35c0923555479e3b6f0763","Study of Titi Monkeys Alarm Call System at LINGUAE, Institut Jean Nicod","France","d718cf9d7a79a0a2648900e26ff67ff7","Promotion Bore 2015-2016","2018",TRUE,TRUE,TRUE,FALSE,FALSE,FALSE,FALSE,"LINGUAE, Institut Jean Nicod","Study of Titi Monkeys Alarm Call System","Public","Other"
"208","1bbef62a2e3919215422d781721fe705","ANIA - Responsable communication institutionnelle et m√©diatique at ANIA (Association Nationale des Industries Alimentaires)","France","e8a90ed38b53cc5cc3932514ba1322b8","Promotion H√©lium 2012-2013","2015",TRUE,FALSE,FALSE,FALSE,FALSE,FALSE,FALSE,"LinkUp Factory","Assistant Chef de projet nutrition sant√© RSE","Private","Other"
"209","1bbef62a2e3919215422d781721fe705","ANIA - Responsable communication institutionnelle et m√©diatique at ANIA (Association Nationale des Industries Alimentaires)","France","e8a90ed38b53cc5cc3932514ba1322b8","Promotion H√©lium 2012-2013","2015",TRUE,TRUE,TRUE,FALSE,FALSE,FALSE,FALSE,"LinkUp Factory","Chef de projet ing√©nieur - Communication / RSE","Private","Other"
"210","41bdadf8515304c2428571f2baa20eec","Journaliste pigiste : sciences, sant√© at Bayard","France","bacf1b7666efb22ad9fc62474675c3d0","Promotion H√©lium 2012-2013","2015",FALSE,FALSE,FALSE,FALSE,TRUE,TRUE,FALSE,"Louie Media","Journaliste podcast","Private","Other"
"211","60af3918aa1ab755534f39cae239e171","Research & Communications | Junior Project Manager at Lushomo","South Africa","906864e465223377d2f1e5ecc526bec1","Promotion Bore 2015-2016","2018",FALSE,TRUE,TRUE,FALSE,FALSE,FALSE,FALSE,"Lushomo","Research & Communications | Junior Project Manager","Private","Other"
"212","490b2b34dfb2d722ed2b36396dae7449","Co founder at CognitiveDesign","France","72fa6676b19d788c22ee14d4937dd94b","Promotion H√©lium 2012-2013","2015",FALSE,TRUE,FALSE,FALSE,FALSE,FALSE,FALSE,"Lyon Neuroscience Research Center, INSERM","Internship Cognitive Science","Public","Student"
"213","ebca82c94a745f86a0b4a268bc5ecf27","PHD Candidate at Harvard University","United States of America","26690cc29b51571d4385f48aac010357","Promotion H√©lium 2012-2013","2015",TRUE,TRUE,FALSE,FALSE,FALSE,FALSE,FALSE,"Massachusetts Institute of Technology","Research Fellow","Public","Research"
"214","ebca82c94a745f86a0b4a268bc5ecf27","PHD Candidate at Harvard University","United States of America","26690cc29b51571d4385f48aac010357","Promotion H√©lium 2012-2013","2015",TRUE,FALSE,FALSE,FALSE,FALSE,FALSE,FALSE,"Massachusetts Institute of Technology","Research Associate","Public","Research"
"215","4360e0698ecc034deb32093633acec9e","Doctoral Researcher at Max-Planck-Institute for Evolutionary Anthropology","Germany","8872e57594b61827a24f87c88222ab11","Promotion Hydrog√®ne 2011-2012","2014",TRUE,FALSE,FALSE,FALSE,FALSE,FALSE,FALSE,"Max Planck Institute for Evolutionary Biology","Master Student Intern","Public","Student"
"216","4360e0698ecc034deb32093633acec9e","Doctoral Researcher at Max-Planck-Institute for Evolutionary Anthropology","Germany","8872e57594b61827a24f87c88222ab11","Promotion Hydrog√®ne 2011-2012","2014",FALSE,FALSE,TRUE,TRUE,TRUE,TRUE,FALSE,"Max Planck Institute for the Science of Human History","Doctoral Researcher","Public","Research"
"217","4360e0698ecc034deb32093633acec9e","Doctoral Researcher at Max-Planck-Institute for Evolutionary Anthropology","Germany","8872e57594b61827a24f87c88222ab11","Promotion Hydrog√®ne 2011-2012","2014",FALSE,FALSE,FALSE,FALSE,FALSE,TRUE,TRUE,"Max-Planck-Institute for Evolutionary Anthropology","Doctoral Researcher","Public","Research"
"218","9a750e7b3b4398aa96d7816b9343a027","Responsable projets Rhumatologie/Dermatologie at UCB","France","e14648006bdbe2155d623b27b33bb709","Promotion Lithium 2013-2014","2016",TRUE,TRUE,FALSE,FALSE,FALSE,FALSE,FALSE,"M√©diath√®que Fran√ßoise Sagan","Poste √©tudiant","Public","Student"
"219","bf83d3cbf7ebfeeecdedd9519df56af8","PhD Student at Medical University of Vienna","Austria","619732c9175044d593e65fb8aa694032","Promotion Bore 2015-2016","2018",TRUE,TRUE,TRUE,FALSE,FALSE,FALSE,FALSE,"Medical University of Vienna","PhD Student","Public","Student"
"220","bf83d3cbf7ebfeeecdedd9519df56af8","PhD Student at Medical University of Vienna","Austria","619732c9175044d593e65fb8aa694032","Promotion H√©lium 2012-2013","2015",FALSE,TRUE,TRUE,TRUE,TRUE,TRUE,FALSE,"Medical University of Vienna","PhD Student","Public","Student"
"221","bf83d3cbf7ebfeeecdedd9519df56af8","PhD Student at Medical University of Vienna","Austria","619732c9175044d593e65fb8aa694032","Promotion Bore 2015-2016","2018",TRUE,TRUE,TRUE,FALSE,FALSE,FALSE,FALSE,"Medical University of Vienna","PhD Student","Public","Student"
"222","bf83d3cbf7ebfeeecdedd9519df56af8","PhD Student at Medical University of Vienna","Austria","619732c9175044d593e65fb8aa694032","Promotion H√©lium 2012-2013","2015",FALSE,TRUE,TRUE,TRUE,TRUE,TRUE,FALSE,"Medical University of Vienna","PhD Student","Public","Student"
"223","8cf6024e9f22117fd51b7296c83675b9","Data Scientist at Millionroads","France","0f374aa8e7da3fd87915aae5457295d6","Promotion Carbone 2016-2017","2019",TRUE,FALSE,FALSE,FALSE,FALSE,FALSE,FALSE,"Millionroads","Data Scientist","Private","Other"
"224","94369f5f833008a9b93d6e9ae7a6a533","Charg√©e de communication grand public et jeunes at ADEME","France","7e0effdc2fb683901e5ca551a0d90824","Promotion Bore 2015-2016","2018",TRUE,FALSE,FALSE,FALSE,FALSE,FALSE,FALSE,"Minist√®re de l'Agriculture et de l'Alimentation","Mission d'appui √† la politique nationale sur les ressources g√©n√©tiques foresti√®res","Public","Other"
"225","a3ffc797e6b6e7f89bc3f105e2bf07e1","Intern at Museum national d'Histoire naturelle","France","b5f59c769edd58c8f1083dae0e561b1f","Promotion Carbone 2016-2017","2019",TRUE,TRUE,FALSE,FALSE,FALSE,FALSE,FALSE,"Museum national d'Histoire naturelle","Intern","Public","Student"
"226","6b4b99d8b654b4ed76ea28c5c4053a35","Doctorante at Universit√© Paris Descartes","France","abdf7dd18d42618876e8111a54623ec0","Promotion B√©ryllium 2014-2015","2017",TRUE,FALSE,FALSE,FALSE,FALSE,FALSE,FALSE,"Mus√©um national d'Histoire naturelle","Stagiaire M2 - intern","Public","Student"
"227","71f0f4f05b3c279294f4221db9aa6ca6","Assistante charg√©e de projet at Mus√©um national d'Histoire naturelle","France","cb46b824b9f0de3935feb6bb4b7f499f","Promotion B√©ryllium 2014-2015","2017",TRUE,TRUE,TRUE,TRUE,FALSE,FALSE,FALSE,"Mus√©um national d'Histoire naturelle","Assistante charg√©e de projet","Public","Other"
"228","feb5c4ba7bdc0267244f037909e49d05","√âtudiant doctorant at CNRS - Centre national de la recherche scientifique","France","b3a93d670d431960438574ba61a176f5","Promotion B√©ryllium 2014-2015","2017",TRUE,FALSE,FALSE,FALSE,FALSE,FALSE,FALSE,"Mus√©um national d'Histoire naturelle","Stagiaire","Public","Student"
"229","11e11a51b0ca699493bb54c3fd077fb9","Stage: Etude des r√©ponses comportementales des cercopith√®ques de l'Hoest face √† des pr√©dateurs at Mus√©um national d'Histoire naturelle","France","93956aa13e6fa671186f0f5e9d3f3f55","Promotion Carbone 2016-2017","2019",TRUE,FALSE,FALSE,FALSE,FALSE,FALSE,FALSE,"Mus√©um national d'Histoire naturelle","Stage: Etude des r√©ponses comportementales des cercopith√®ques de l'Hoest face √† des pr√©dateurs","Public","Other"
"230","4360e0698ecc034deb32093633acec9e","Doctoral Researcher at Max-Planck-Institute for Evolutionary Anthropology","Germany","8872e57594b61827a24f87c88222ab11","Promotion Hydrog√®ne 2011-2012","2014",FALSE,FALSE,TRUE,FALSE,FALSE,FALSE,FALSE,"Mus√©um national d'Histoire naturelle","Graduate Research Intern","Public","Student"
"231","2aa40c92afd76edeebcc36a223b6a8dd","Chief Scientific Officer at The Serious Gut","France","b2a20e162419e0030558c1e5fde6b24e","Promotion Lithium 2013-2014","2016",TRUE,FALSE,FALSE,FALSE,FALSE,FALSE,FALSE,"Mus√©um national d'Histoire naturelle","Recherche en bio-informatique sur le microbiote humain (stage M2)","Public","Student"
"232","71f0f4f05b3c279294f4221db9aa6ca6","Assistante charg√©e de projet at Mus√©um national d'Histoire naturelle","France","cb46b824b9f0de3935feb6bb4b7f499f","Promotion B√©ryllium 2014-2015","2017",TRUE,TRUE,TRUE,TRUE,FALSE,FALSE,FALSE,"Mus√©um National d'Histoire Naturelle - Enseignement Sup√©rieur","Stagiaire M2","Public","Student"
"233","11882e25b5bac0f4312294663019b173","R√©f√©rente d√©chets du P√¥le Erdre et Cens at Nantes M√©tropole","France","8172f895f3d9d526384c3fda5f9d631e","Promotion Lithium 2013-2014","2016",FALSE,FALSE,FALSE,TRUE,TRUE,FALSE,FALSE,"Nantes M√©tropole","R√©f√©rente d√©chets du P√¥le Erdre et Cens","Public","Other"
"234","72330e9b972f596111b38efa1cae98b9","PHD Student at NAVAL GROUP","France","35d09d0b2f5f47f4277e8689c6f8d7fb","Promotion H√©lium 2012-2013","2015",FALSE,FALSE,FALSE,TRUE,TRUE,TRUE,FALSE,"NAVAL GROUP","PHD Student","Private","Student"
"235","3c21efef7ab9cd226846cc4296f7f75b","Computational biologist at Quantitative Molecular Biological Physics lab at NCBI/NLM/NIH","France","e112b622e3adc09ecc30f91bb919bd18","Promotion Lithium 2013-2014","2016",TRUE,FALSE,FALSE,FALSE,FALSE,FALSE,FALSE,"NCBI/NLM/NIH","Computational biologist at Quantitative Molecular Biological Physics lab","Public","Other"
"236","809584f3cb9ac4004e3e445544331277","Ing√©nieur at CRI","France","13c4ed2acb01365fe28aec1a89335507","Promotion B√©ryllium 2014-2015","2017",FALSE,TRUE,FALSE,FALSE,FALSE,FALSE,FALSE,"NIOZ Royal Netherlands Institute for Sea Research","Internship student - Master 2","Public","Student"
"237","59938c3e874a32dea68c55c70972105c","M√©diateur scientifique at OCEANOPOLIS","France","c36547082dcda702ff7771e94334592e","Promotion Hydrog√®ne 2011-2012","2014",FALSE,FALSE,FALSE,TRUE,FALSE,FALSE,FALSE,"OCEANOPOLIS","Documentaliste pour le projet de mus√©e 70.8 Oc√©anopolis Brest","Public","Other"
"238","59938c3e874a32dea68c55c70972105c","M√©diateur scientifique at OCEANOPOLIS","France","c36547082dcda702ff7771e94334592e","Promotion Hydrog√®ne 2011-2012","2014",FALSE,FALSE,FALSE,TRUE,TRUE,TRUE,FALSE,"OCEANOPOLIS","M√©diateur scientifique","Private","Other"
"239","490b2b34dfb2d722ed2b36396dae7449","Co founder at CognitiveDesign","France","72fa6676b19d788c22ee14d4937dd94b","Promotion H√©lium 2012-2013","2015",TRUE,TRUE,TRUE,TRUE,TRUE,TRUE,FALSE,"Open Science School","""Co-Lab""‚Äã Organizer","Private","Entrepreneurship"
"240","c5db7c6be287ff6314e655fba50f809e","Apprentie at Outsight","France","fdf070e2239fe2982c25390113dc69b1","Promotion Azote 2017-2018","2020",TRUE,FALSE,FALSE,FALSE,FALSE,FALSE,FALSE,"Outsight","Apprentie","Private","Student"
"241","46304bca188699df69665cc978c22275","Stage - La cime d‚Äôun arbre comme solution aux enjeux d‚Äôh√©bergement de l√©muriens en captivit√© ? at Parc Zoologique et Botanique de Mulhouse","France","faa1191f1da1d9da2ad79af65ce3e5c5","Promotion Carbone 2016-2017","2019",TRUE,FALSE,FALSE,FALSE,FALSE,FALSE,FALSE,"Parc Zoologique et Botanique de Mulhouse","Stage - La cime d‚Äôun arbre comme solution aux enjeux d‚Äôh√©bergement de l√©muriens en captivit√© ?","Public","Student"
"242","eed5054cedd2a3ca6ac4d9bedaf53f45","Research and Development Manager at PathMaker Neurosystems Inc.","France","ee966b8861105d605d55dabcd7928622","Promotion H√©lium 2012-2013","2015",FALSE,TRUE,TRUE,TRUE,TRUE,TRUE,FALSE,"PathMaker Neurosystems Inc.","Research and Development Manager","Private","Research"
"243","fa8100a38618e8a682ee26c3ba5e0124","Journaliste sant√© ‚Ä¢ Rose Magazine at RoseUp Association","France","3fa962e11fe57072bd84c577c5f822ab","Promotion Hydrog√®ne 2011-2012","2014",FALSE,FALSE,FALSE,FALSE,TRUE,TRUE,TRUE,"Pharmactiv","R√©dactrice sant√© ‚Ä¢ Pharmactiv","Private","Other"
"244","41bdadf8515304c2428571f2baa20eec","Journaliste pigiste : sciences, sant√© at Bayard","France","bacf1b7666efb22ad9fc62474675c3d0","Promotion H√©lium 2012-2013","2015",FALSE,FALSE,FALSE,FALSE,TRUE,FALSE,FALSE,"Podcasters media","Journaliste podcast","Private","Other"
"245","04ef2f848e9374f33d0960bf3df7717e","Ing√©nieur R&D : ing√©nierie tissulaire et biomat√©riaux at Poietis","France","fecacd6562e5a5db1f7c51ab89dc8c1b","Promotion B√©ryllium 2014-2015","2017",TRUE,TRUE,TRUE,TRUE,FALSE,FALSE,FALSE,"Poietis","Ing√©nieur R&D : ing√©nierie tissulaire et biomat√©riaux","Private","Other"
"246","04ef2f848e9374f33d0960bf3df7717e","Ing√©nieur R&D : ing√©nierie tissulaire et biomat√©riaux at Poietis","France","fecacd6562e5a5db1f7c51ab89dc8c1b","Promotion B√©ryllium 2014-2015","2017",TRUE,TRUE,TRUE,TRUE,FALSE,FALSE,FALSE,"Poietis","Ing√©nieur stagiaire","Private","Student"
"247","4bcb3e211faafb6e8a15f19f26dd633f","Recruitment Consultant at Back Market","France","796250670c4f826a2f625dd66e3f42b7","Promotion Bore 2015-2016","2018",FALSE,TRUE,TRUE,FALSE,FALSE,FALSE,FALSE,"Pragmatan","Recruitment Consultant","Private","Other"
"248","8ce0a449d85cc40b838271b470b4c70e","Co-fondatrice at Premiers Cris","France","ea0fead91d964041e0e9b7510c5aff61","Promotion Hydrog√®ne 2011-2012","2014",FALSE,FALSE,TRUE,TRUE,TRUE,TRUE,TRUE,"Premiers Cris","Co-fondatrice","Public","Entrepreneurship"
"249","416edaf761c57a3a92c7eb24c3329743","Charg√©e de mission d√©veloppement durable et transition √©cologique at D√©partement de la Vend√©e","France","57152973e861c75f7b5341990e88822a","Promotion Carbone 2016-2017","2019",TRUE,FALSE,FALSE,FALSE,FALSE,FALSE,FALSE,"Projet D√©clic","√âcriture, √©laboration et transformation de propositions de lois pour la transition en France","Private","Student"
"250","26d7396df13b6c45b11c392793c54af2","Charg√© de mission Ing√©nierie Process at Agronutris","France","371e4a49fe245cbd34341825ced80fe4","Promotion B√©ryllium 2014-2015","2017",FALSE,TRUE,FALSE,FALSE,FALSE,FALSE,FALSE,"RAS Production","Stagiaire sur la r√©gie des rings au Salon Internationale de l'Agriculture","Private","Student"
"251","41bdadf8515304c2428571f2baa20eec","Journaliste pigiste : sciences, sant√© at Bayard","France","bacf1b7666efb22ad9fc62474675c3d0","Promotion H√©lium 2012-2013","2015",FALSE,FALSE,FALSE,TRUE,TRUE,FALSE,FALSE,"Reworld Media","Journaliste pigiste : Science & Vie","Private","Other"
"252","9a750e7b3b4398aa96d7816b9343a027","Responsable projets Rhumatologie/Dermatologie at UCB","France","e14648006bdbe2155d623b27b33bb709","Promotion Lithium 2013-2014","2016",TRUE,FALSE,FALSE,FALSE,FALSE,FALSE,FALSE,"Roche","Internship","Private","Student"
"253","fa8100a38618e8a682ee26c3ba5e0124","Journaliste sant√© ‚Ä¢ Rose Magazine at RoseUp Association","France","3fa962e11fe57072bd84c577c5f822ab","Promotion Hydrog√®ne 2011-2012","2014",FALSE,FALSE,FALSE,FALSE,FALSE,TRUE,TRUE,"RoseUp Association","Journaliste sant√© ‚Ä¢ Rose Magazine","Private","Other"
"254","52403b0075a8df667b8eb43b7736a378","Training Manager at Ipsen","France","412c9f702db8d1f33930e8e9d15490d3","Promotion Hydrog√®ne 2011-2012","2014",FALSE,TRUE,FALSE,FALSE,FALSE,FALSE,FALSE,"Sanofi","Global R&D Communications","Private","Other"
"255","f1dc79e74a02d40e0d1520e5a16ed69e","Etudiant en m√©decine at Formation continue Universit√© de Nantes","France","0224f9282e046194fe0ce6fbf5d776b5","Promotion H√©lium 2012-2013","2015",FALSE,FALSE,TRUE,TRUE,TRUE,TRUE,FALSE,"Sant√© publique France","Epid√©miologiste","Public","Other"
"256","f1dc79e74a02d40e0d1520e5a16ed69e","Etudiant en m√©decine at Formation continue Universit√© de Nantes","France","0224f9282e046194fe0ce6fbf5d776b5","Promotion H√©lium 2012-2013","2015",FALSE,TRUE,FALSE,FALSE,FALSE,FALSE,FALSE,"Sant√© publique France","Charg√© d'√©tudes scientifiques en √©pid√©miologie","Public","Other"
"257","f1dc79e74a02d40e0d1520e5a16ed69e","Etudiant en m√©decine at Formation continue Universit√© de Nantes","France","0224f9282e046194fe0ce6fbf5d776b5","Promotion H√©lium 2012-2013","2015",FALSE,TRUE,FALSE,FALSE,FALSE,FALSE,FALSE,"Sant√© publique France","Charg√© d'√©tudes scientifiques en biostatistique et √©pid√©miologie","Public","Other"
"258","26d7396df13b6c45b11c392793c54af2","Charg√© de mission Ing√©nierie Process at Agronutris","France","371e4a49fe245cbd34341825ced80fe4","Promotion B√©ryllium 2014-2015","2017",FALSE,TRUE,FALSE,FALSE,FALSE,FALSE,FALSE,"Sav√©ol","Assistant ing√©nieur - D√©veloppement de l'√©levage d‚Äôinsectes auxiliaires en conditions artificielles.","Private","Other"
"259","9fc4cab665165cb9e4df8791cb5aa32e","Editrice scientifique at la ville br√ªle","France","44ff9c1edcde07886d26071b5143d38e","Promotion Azote 2017-2018","2020",TRUE,FALSE,FALSE,FALSE,FALSE,FALSE,FALSE,"Sciences et Avenir","Science journalist","Private","Other"
"260","f275d4df0b711a87adaf4710eea5ba72","Teacher at Universit√© de Paris","France","8a7b2d85bd627f7c5b00322f96da8b14","Promotion Carbone 2016-2017","2019",TRUE,FALSE,FALSE,FALSE,FALSE,FALSE,FALSE,"Sciences Po","Research Assistant @Medialab","Public","Research"
"261","59938c3e874a32dea68c55c70972105c","M√©diateur scientifique at OCEANOPOLIS","France","c36547082dcda702ff7771e94334592e","Promotion Hydrog√®ne 2011-2012","2014",TRUE,FALSE,FALSE,FALSE,FALSE,FALSE,FALSE,"Scire association","Laboratory Technician","Public","Other"
"262","2e67442ad40aa176d6a6ff74e2c6e5d8","Charg√© de d√©veloppement commercial at AXA Climate","France","7aa6f12c993eeaca1c242f0045f5fd42","Promotion Carbone 2016-2017","2019",TRUE,FALSE,FALSE,FALSE,FALSE,FALSE,FALSE,"Self-employed","Business Development Manager","Private","Entrepreneurship"
"263","11882e25b5bac0f4312294663019b173","R√©f√©rente d√©chets du P√¥le Erdre et Cens at Nantes M√©tropole","France","8172f895f3d9d526384c3fda5f9d631e","Promotion Lithium 2013-2014","2016",TRUE,FALSE,FALSE,FALSE,FALSE,FALSE,FALSE,"SNCF","Charg√©e de projets environnement et d√©chets","Public","Other"
"264","79c7888689afaf0d9f200e5047ee9ad3","Doctorant at Laboratoire Kastler Brossel","France","161fee3453f64e0c86e093551c892f92","Promotion Lithium 2013-2014","2016",FALSE,TRUE,TRUE,TRUE,FALSE,FALSE,FALSE,"Sorbonne Universit√©","√âtudiant en master","Public","Student"
"265","79c7888689afaf0d9f200e5047ee9ad3","Doctorant at Laboratoire Kastler Brossel","France","161fee3453f64e0c86e093551c892f92","Promotion Lithium 2013-2014","2016",FALSE,TRUE,TRUE,FALSE,FALSE,FALSE,FALSE,"Sorbonne Universit√©s","√âtudiant","Public","Student"
"266","34e317196fdf1c7df53d6f823e9ee675","PhD Student at Genoscope - National Center of Sequencing","France","05e4676a3926912d33fc3b8e98c0a4f4","Promotion Bore 2015-2016","2018",TRUE,FALSE,FALSE,FALSE,FALSE,FALSE,FALSE,"Sorbonne University","Reasearch Intern","Public","Student"
"267","11882e25b5bac0f4312294663019b173","R√©f√©rente d√©chets du P√¥le Erdre et Cens at Nantes M√©tropole","France","8172f895f3d9d526384c3fda5f9d631e","Promotion Lithium 2013-2014","2016",FALSE,FALSE,TRUE,TRUE,FALSE,FALSE,FALSE,"SupporTerre","Volontaire en service civique charg√©e de la sensibilisation et r√©duction des d√©chets dans le sport","Public","Other"
"268","475d75132f2010c708185db8937fa4fb","PhD student at The Francis Crick Institute","United Kingdom","a2252becdf74dc987de2ff5aae5202b5","Promotion H√©lium 2012-2013","2015",FALSE,FALSE,TRUE,FALSE,FALSE,FALSE,FALSE,"Syncona Limited","Work placement","Private","Other"
"269","dbf4be8a28e0d60c55d0dd44103763ea","Assistant chef de projet milieux humides et aquatiques continentaux at Biotope","France","e7d062183368e3ec692b504990295b5d","Promotion Carbone 2016-2017","2019",TRUE,TRUE,FALSE,FALSE,FALSE,FALSE,FALSE,"SYND MIXTE FORUM DES MARAIS ATLANTIQUES","Volontaire en service civique au Forum des Marais Atlantiques","Public","Other"
"270","2aa40c92afd76edeebcc36a223b6a8dd","Chief Scientific Officer at The Serious Gut","France","b2a20e162419e0030558c1e5fde6b24e","Promotion Lithium 2013-2014","2016",FALSE,TRUE,TRUE,FALSE,FALSE,FALSE,FALSE,"TAMAR LOUBATON AVOCATS","Stage juridique","Private","Student"
"271","e53f9a480b67482bc6df5a66ed7a452b","Computer Science Teacher at Tech & Code Factory","France","d8a8e356d42d3ffd6ff83cfcf95e527e","Promotion Carbone 2016-2017","2019",TRUE,TRUE,FALSE,FALSE,FALSE,FALSE,FALSE,"Tech & Code Factory","Computer Science Teacher","Private","Other"
"272","f275d4df0b711a87adaf4710eea5ba72","Teacher at Universit√© de Paris","France","8a7b2d85bd627f7c5b00322f96da8b14","Promotion Carbone 2016-2017","2019",TRUE,FALSE,FALSE,FALSE,FALSE,FALSE,FALSE,"Tech&Code Factory","Teacher","Private","Other"
"273","fa8100a38618e8a682ee26c3ba5e0124","Journaliste sant√© ‚Ä¢ Rose Magazine at RoseUp Association","France","3fa962e11fe57072bd84c577c5f822ab","Promotion Hydrog√®ne 2011-2012","2014",FALSE,FALSE,FALSE,FALSE,TRUE,TRUE,FALSE,"T√©l√© 7 jours","Journaliste sant√© ‚Ä¢ TV 7 jours","Private","Other"
"274","ea2712e06823f9d0d6e183ff902bc0d9","Ing√©nieur de projets en sites et sols pollu√©s at TESORA","France","5234c8ce6a1d9fe730935b2c5fb5d116","Promotion Carbone 2016-2017","2019",TRUE,TRUE,FALSE,FALSE,FALSE,FALSE,FALSE,"TESORA","Ing√©nieur de projets en sites et sols pollu√©s","Private","Other"
"275","ea2712e06823f9d0d6e183ff902bc0d9","Ing√©nieur de projets en sites et sols pollu√©s at TESORA","France","5234c8ce6a1d9fe730935b2c5fb5d116","Promotion Carbone 2016-2017","2019",TRUE,FALSE,FALSE,FALSE,FALSE,FALSE,FALSE,"TESORA","Ing√©nieur de projets","Private","Other"
"276","9b0d87cdbe623a60e9e37863b75b8ee7","Stagiaire ing√©nieur FDIR et AOCS at Thales Alenia Space","France","dd2f605c5227ae7814402b9077cb7ddc","Promotion Azote 2017-2018","2020",TRUE,FALSE,FALSE,FALSE,FALSE,FALSE,FALSE,"Thales Alenia Space","Stagiaire ing√©nieur FDIR et AOCS","Private","Student"
"277","475d75132f2010c708185db8937fa4fb","PhD student at The Francis Crick Institute","United Kingdom","a2252becdf74dc987de2ff5aae5202b5","Promotion H√©lium 2012-2013","2015",TRUE,TRUE,TRUE,TRUE,TRUE,TRUE,FALSE,"The Francis Crick Institute","PhD student","Public","Student"
"278","2aa40c92afd76edeebcc36a223b6a8dd","Chief Scientific Officer at The Serious Gut","France","b2a20e162419e0030558c1e5fde6b24e","Promotion Lithium 2013-2014","2016",FALSE,FALSE,FALSE,FALSE,TRUE,FALSE,FALSE,"The Serious Gut","Chief Scientific Officer","Private","Board"
"279","60af3918aa1ab755534f39cae239e171","Research & Communications | Junior Project Manager at Lushomo","South Africa","906864e465223377d2f1e5ecc526bec1","Promotion Bore 2015-2016","2018",FALSE,FALSE,TRUE,FALSE,FALSE,FALSE,FALSE,"The University of Edinburgh","Evaluation of Global Health & Development Programmes | Academic Tutor (online)","Public","Other"
"280","c55574484f6f74a39f634c3a6f294a77","EU Affairs Officer at European Bureau for Conservation and Development","Belgium","87bbc6a2154adfd3b54edcbff59a882c","Promotion B√©ryllium 2014-2015","2017",TRUE,FALSE,FALSE,FALSE,FALSE,FALSE,FALSE,"Tierra Digna","Research Fellowship","Private","Research"
"281","16f90237093a043332d99e1460489551","Charg√© de communication √©ditoriale et soutien aux juridictions administratives at Conseil d'√âtat","France","54586486e5d6b69d297970652c9aa4b7","Promotion Bore 2015-2016","2018",FALSE,TRUE,TRUE,FALSE,FALSE,FALSE,FALSE,"TotalEnergies","Multimedia journalist","Private","Other"
"282","c10674167315089247ea5fa8c98256f6","Initiatrice de projet at Tous Tes Possibles","France","0faeba16527ef54dfa54c18015997e30","Promotion B√©ryllium 2014-2015","2017",FALSE,FALSE,TRUE,TRUE,FALSE,FALSE,FALSE,"Tous Tes Possibles","Initiatrice de projet","Private","Other"
"283","e006142a14f9b2b5847267794a895366","PHD Candidate at Cambridge University Department of Chemical Engineering and Biotechnology","France","32beb5922df545c447b033aa18e9dcdd","Promotion B√©ryllium 2014-2015","2017",TRUE,FALSE,FALSE,FALSE,FALSE,FALSE,FALSE,"Tsinghua University","Exchange Student","Public","Student"
"284","67af1831de65104374b77b9a597f4671","Stagiaire UX/ Product Owner at Tyllt","France","2bd659581e6efed3841e38a43d698cac","Promotion H√©lium 2012-2013","2015",FALSE,FALSE,FALSE,FALSE,TRUE,FALSE,FALSE,"Tyllt","Stagiaire UX/ Product Owner","Private","Student"
"285","9a750e7b3b4398aa96d7816b9343a027","Responsable projets Rhumatologie/Dermatologie at UCB","France","e14648006bdbe2155d623b27b33bb709","Promotion Lithium 2013-2014","2016",FALSE,FALSE,FALSE,TRUE,TRUE,FALSE,FALSE,"UCB","Responsable projets Rhumatologie/Dermatologie","Private","Other"
"286","9a750e7b3b4398aa96d7816b9343a027","Responsable projets Rhumatologie/Dermatologie at UCB","France","e14648006bdbe2155d623b27b33bb709","Promotion Lithium 2013-2014","2016",FALSE,TRUE,TRUE,FALSE,FALSE,FALSE,FALSE,"UCB","Chef de Produits Junior Neurology","Private","Other"
"287","a3f7e23ed17b2dff3fded8a593c667c9","Ing√©nieur d‚Äô√©tudes en Bio-informatique at CRSA PARIS","France","74f083d269d91bc7f5b2579c398e503c","Promotion B√©ryllium 2014-2015","2017",TRUE,FALSE,FALSE,FALSE,FALSE,FALSE,FALSE,"Ulster University","Stagiaire","Public","Student"
"288","c55574484f6f74a39f634c3a6f294a77","EU Affairs Officer at European Bureau for Conservation and Development","Belgium","87bbc6a2154adfd3b54edcbff59a882c","Promotion B√©ryllium 2014-2015","2017",FALSE,TRUE,FALSE,FALSE,FALSE,FALSE,FALSE,"UN Environment Programme","Policy and Partnership Building","Public","Other"
"289","60af3918aa1ab755534f39cae239e171","Research & Communications | Junior Project Manager at Lushomo","South Africa","906864e465223377d2f1e5ecc526bec1","Promotion Bore 2015-2016","2018",TRUE,FALSE,FALSE,FALSE,FALSE,FALSE,FALSE,"United Nations Population Fund (UNFPA)","Communications Consultant","Public","Other"
"290","60af3918aa1ab755534f39cae239e171","Research & Communications | Junior Project Manager at Lushomo","South Africa","906864e465223377d2f1e5ecc526bec1","Promotion Bore 2015-2016","2018",TRUE,FALSE,FALSE,FALSE,FALSE,FALSE,FALSE,"United Nations Population Fund (UNFPA)","Communications and Digital Asset Management Intern","Public","Other"
"291","cbf3cbcd3a0c9832d31208a99c8fc1af","PHD Student at Universit√© de Bordeaux","France","37c1d0f78eccdaf939f44fbaa07e4a77","Promotion Lithium 2013-2014","2016",TRUE,TRUE,TRUE,TRUE,TRUE,FALSE,FALSE,"Universit√© de Bordeaux","PHD Student","Public","Student"
"292","8ce0a449d85cc40b838271b470b4c70e","Co-fondatrice at Premiers Cris","France","ea0fead91d964041e0e9b7510c5aff61","Promotion Hydrog√®ne 2011-2012","2014",FALSE,FALSE,FALSE,FALSE,FALSE,TRUE,TRUE,"Universit√© de Lille","Ma√Ætresse de conf√©rences","Public","Research"
"293","cdf4c9883a4bdcd7773d8e798b29863e","Machine Learning applied to Cosmology/Strong Lensing at Universit√© de Montr√©al","France","fb2f062c89314d6d52849bed095ca390","Promotion Azote 2017-2018","2020",TRUE,FALSE,FALSE,FALSE,FALSE,FALSE,FALSE,"Universit√© de Montr√©al","Machine Learning applied to Cosmology/Strong Lensing","Public","Research"
"294","f275d4df0b711a87adaf4710eea5ba72","Teacher at Universit√© de Paris","France","8a7b2d85bd627f7c5b00322f96da8b14","Promotion Carbone 2016-2017","2019",TRUE,TRUE,FALSE,FALSE,FALSE,FALSE,FALSE,"Universit√© de Paris","Teacher","Public","Other"
"295","70ccd3d34ecabc1eabe711a903c2d58c","Stagiaire at AP-HP, Assistance Publique - H√¥pitaux de Paris","France","c02ddf7d31b659899cc0748a8d1d206e","Promotion Carbone 2016-2017","2019",TRUE,FALSE,FALSE,FALSE,FALSE,FALSE,FALSE,"Universit√© de Paris M√©decine","Participation au programme IDEAL+","Public","Other"
"296","70ccd3d34ecabc1eabe711a903c2d58c","Stagiaire at AP-HP, Assistance Publique - H√¥pitaux de Paris","France","c02ddf7d31b659899cc0748a8d1d206e","Promotion Carbone 2016-2017","2019",TRUE,FALSE,FALSE,FALSE,FALSE,FALSE,FALSE,"Universit√© de Paris M√©decine","Service sanitaire : semaine de pr√©vention en sant√© sexuelle","Public","Other"
"297","3b8563032991689fa1b83141537d7160","Consultant at Center for Public Research and Leadership","United States of America","aa3a63f00a8a85233df9beb7baf6d9c9","Promotion Azote 2017-2018","2020",TRUE,FALSE,FALSE,FALSE,FALSE,FALSE,FALSE,"Universit√© de Sherbrooke","Assistant de recherche","Public","Research"
"298","2d721af72126bf3c697576e7c554811b","Etudiant en M1 Biologie Sant√© at Universit√© Evry val d'Essone","France","73e2afc7bdc90a9922b432db0385fefa","Promotion H√©lium 2012-2013","2015",TRUE,TRUE,TRUE,TRUE,TRUE,TRUE,FALSE,"Universit√© Evry val d'Essone","Etudiant en M1 Biologie Sant√©","Public","Student"
"299","6b4b99d8b654b4ed76ea28c5c4053a35","Doctorante at Universit√© Paris Descartes","France","abdf7dd18d42618876e8111a54623ec0","Promotion B√©ryllium 2014-2015","2017",TRUE,TRUE,TRUE,TRUE,FALSE,FALSE,FALSE,"Universit√© Paris Descartes","Doctorante","Public","Student"
"300","c5146975713f6cd4aa6d3faf1efe04ad","student at Centre de Recherches Interdisciplinaires - Center for Research and Interdisciplinarity (CRI Paris)","France","a82e733c5c16fbafc5cb5a48d67ed0af","Promotion Carbone 2016-2017","2019",TRUE,TRUE,FALSE,FALSE,FALSE,FALSE,FALSE,"Universit√© Paris Descartes","√âtudiant","Public","Student"
"301","59938c3e874a32dea68c55c70972105c","M√©diateur scientifique at OCEANOPOLIS","France","c36547082dcda702ff7771e94334592e","Promotion Hydrog√®ne 2011-2012","2014",TRUE,FALSE,FALSE,FALSE,FALSE,FALSE,FALSE,"Universit√© Paris Descartes","Sessional Lecturer","Public","Other"
"302","8ce0a449d85cc40b838271b470b4c70e","Co-fondatrice at Premiers Cris","France","ea0fead91d964041e0e9b7510c5aff61","Promotion Hydrog√®ne 2011-2012","2014",TRUE,FALSE,FALSE,FALSE,FALSE,FALSE,FALSE,"Universit√© Paris Descartes","Stagiaire (M2)","Public","Student"
"303","8ce0a449d85cc40b838271b470b4c70e","Co-fondatrice at Premiers Cris","France","ea0fead91d964041e0e9b7510c5aff61","Promotion Hydrog√®ne 2011-2012","2014",TRUE,FALSE,FALSE,FALSE,FALSE,FALSE,FALSE,"Universit√© Paris Descartes","Assistante de recherche","Public","Research"
"304","e006142a14f9b2b5847267794a895366","PHD Candidate at Cambridge University Department of Chemical Engineering and Biotechnology","France","32beb5922df545c447b033aa18e9dcdd","Promotion B√©ryllium 2014-2015","2017",TRUE,TRUE,FALSE,FALSE,FALSE,FALSE,FALSE,"Universit√© Paris Diderot","MSc Student","Public","Student"
"305","8ce0a449d85cc40b838271b470b4c70e","Co-fondatrice at Premiers Cris","France","ea0fead91d964041e0e9b7510c5aff61","Promotion Hydrog√®ne 2011-2012","2014",FALSE,FALSE,FALSE,TRUE,TRUE,FALSE,FALSE,"Universit√© Paris Nanterre","Attach√©e Temporaire d'Enseignement et de Recherche","Public","Other"
"306","eed5054cedd2a3ca6ac4d9bedaf53f45","Research and Development Manager at PathMaker Neurosystems Inc.","France","ee966b8861105d605d55dabcd7928622","Promotion H√©lium 2012-2013","2015",TRUE,FALSE,FALSE,FALSE,FALSE,FALSE,FALSE,"Universiteit Twente","Master Thesis","Public","Student"
"307","090470d0e499a32128152271dbe4a287","PhD Student in Clinical Neurosciences at University of Cambridge","United Kingdom","be4886f164893720b1b9f836de7c669c","Promotion B√©ryllium 2014-2015","2017",FALSE,TRUE,TRUE,TRUE,FALSE,FALSE,FALSE,"University of Cambridge","PhD Student in Clinical Neurosciences","Public","Student"
"308","e006142a14f9b2b5847267794a895366","PHD Candidate at Cambridge University Department of Chemical Engineering and Biotechnology","France","32beb5922df545c447b033aa18e9dcdd","Promotion B√©ryllium 2014-2015","2017",FALSE,TRUE,TRUE,FALSE,FALSE,FALSE,FALSE,"University of Cambridge","Postgraduate Student in Sensors CDT MRes + PhD program","Public","Research"
"309","e006142a14f9b2b5847267794a895366","PHD Candidate at Cambridge University Department of Chemical Engineering and Biotechnology","France","32beb5922df545c447b033aa18e9dcdd","Promotion B√©ryllium 2014-2015","2017",TRUE,FALSE,FALSE,FALSE,FALSE,FALSE,FALSE,"University of Cambridge","Biomaker Challenge Africa Coordinator","Public","Other"
"310","e006142a14f9b2b5847267794a895366","PHD Candidate at Cambridge University Department of Chemical Engineering and Biotechnology","France","32beb5922df545c447b033aa18e9dcdd","Promotion B√©ryllium 2014-2015","2017",TRUE,FALSE,FALSE,FALSE,FALSE,FALSE,FALSE,"University of Geneva","Graduate Student","Public","Student"
"311","143ded98abd29a952eda872483253af4","PHD Student at Centre national de la recherche scientifique","France","8017d8111c76acd13de466c7299299f0","Promotion Bore 2015-2016","2018",TRUE,FALSE,FALSE,FALSE,FALSE,FALSE,FALSE,"University of Lisbon","Research Intern","Public","Student"
"312","ff704be441e47280732e978b72519bc8","Museummedewerker at Van Gogh Museum","Netherlands","705e2d296daac7840082df4733098c10","Promotion Azote 2017-2018","2020",TRUE,FALSE,FALSE,FALSE,FALSE,FALSE,FALSE,"Van Gogh Museum","Museummedewerker","Public","Other"
"313","a09a916c2c481435414eaa172302bc42","Ing√©nieur agronome at Instituto Superior de Agronomia","France","63fc11442693ea4b16fcaef8c24ddd83","Promotion Carbone 2016-2017","2019",TRUE,FALSE,FALSE,FALSE,FALSE,FALSE,FALSE,"Vesoul AgroCampus","Trainee in a Public Regional School for Agriculture","Private","Student"
"314","8184cb829b3ac9b8d19ef29707025aa3","Stagiaire Ing√©nieur p√©dagogique VR at VirtualiSurg, la r√©alit√© virtuelle au service de la formation chirurgicale","France","a446e6d8e48c4175c6c82f8dfcf5ee03","Promotion Lithium 2013-2014","2016",TRUE,TRUE,FALSE,FALSE,FALSE,FALSE,FALSE,"VirtualiSurg, la r√©alit√© virtuelle au service de la formation chirurgicale","Stagiaire Ing√©nieur p√©dagogique VR","Private","Student"
"315","33f2d0e3420c5a77c6599080d781bbcb","Sustainability Senior Consultant at Ansa Services","France","eec0af5251e32cf199faf942fe96d65a","Promotion B√©ryllium 2014-2015","2017",TRUE,FALSE,FALSE,FALSE,FALSE,FALSE,FALSE,"Wetsus, European Centre of Excellence for Sustainable Water Technology","Master Thesis Student","Public","Research"
